contract_id;hotel_name;ingredients
15smll0h6l;Berge-Parker;Dried Apricots,Tahini,Soymilk
psbnw3frch;Breitenberg Group;Cauliflower,Tamarillo,Cacao,Iceberg Lettuce,Hokkien Noodles
01vysmxnf6;Schmeler-Renner;Achacha,Bonza,Chives
jqh3m796qs;Deckow-Kihn;Flaxseed Oil,Soy Sauce,Kidneys
5n7nteez7b;Brown Group;Curry Powder,Shark,Achacha
wurztngcxr;Nienow LLC;Red Cabbage,Apple Cider Vinegar,Coriander Leaves
e6iptl0pfl;Schmeler-Renner;Camomile,Rockmelon,Dried Apricots,Extra Virgin Olive Oil,Fingerlime
qkluqcqolz;Deckow-Kihn;Apples,Pork,Rockmelon,White Wine,Wakame
fnq4zy4nx9;Lockman-Wintheiser;Pork,Rockmelon,Elderberry,Iceberg Lettuce,Cauliflower
8u8arswp6d;Quigley-Braun;Iceberg Lettuce,Rice Flour,Lychees
ttzpqwbbc6;McCullough, Leannon and Nolan;Strawberries,Smoked Trout,Cinnamon,Freekeh
2xtncq1hcb;Breitenberg Group;Apricots,Rice Noodles,English Spinach,Pork
pdhedkux3g;Lockman-Wintheiser;Kidneys,Kombu,Pear Juice,Rye Bread,Flat Mushrooms
18ha6a9yof;Pollich Inc;Apple Cider Vinegar,Cinnamon,Vegetable Stock
j025nu0cyi;Gottlieb, Wolff and Bechtelar;Cauliflower,Berries,Hokkien Noodles
a5xg83avr6;Schmeler-Renner;Vegetable Stock,Canola Oil,Hokkien Noodles,Iceberg Lettuce,Cauliflower
lwdbiqlcvt;Deckow-Kihn;Vegetable Oil,Coriander Leaves,Chia Seeds,Chives
5yofvgyrul;McCullough, Leannon and Nolan;Taleggio Cheese,Tinned,Tarragon
htrqk0eee8;Leffler-Huel;Flat Mushrooms,Feta,Kombu,Apple Cider Vinegar,Hokkien Noodles
ivfouthwa0;Schmitt-Reichert;Cream Cheese,Beef,Cottage Cheese,Oatmeal,Soymilk
vq4nz3tuaj;Sporer Group;Butter,Bonza,Vegetable Stock,Apricots,Tarragon
mlcr3x7oju;Berge-Parker;White Wine,Green Tea Noodles,English Spinach,Saffron,Cream Cheese
bjgolcemk1;Lockman-Wintheiser;Flaxseed Oil,Black Eyed Beans,Sunflower Oil,English Spinach,Berries
q1n9755de4;Feil LLC;Hokkien Noodles,Beef,Dried Apricots,Peas
f96fjf7hdm;Schmitt-Reichert;Camomile,Apples,Omega Spread,Dried Apricots,Rose Water
c5rntrn5ed;Feil LLC;Corn Oil,Sunflower Seeds,Canola Oil,Tarragon,Cardamom
2kf3elos5e;Pollich Inc;Rockmelon,Tinned,Dried Apricots
oehydznmsj;Bosco-Bayer;Apple Cider Vinegar,Turnips,Soy Beans,Apricots,Sunflower Seeds
u9kx4pj89l;Braun-Wunsch;Taleggio Cheese,Wakame,Tinned,Pork
rhheae3gow;Dare LLC;Omega Spread,Rice Flour,Shark,Parsnip,Mahlab
enbew97vn7;Sporer Group;Fingerlime,Flaxseed Oil,Tinned,Provolone
tumtiz0wi4;Schmeler-Renner;Tapioca Flour,Saffron,Redfish
6e9h7bmetg;Blanda and Sons;Freekeh,Camomile,Strawberries,Nuts,Soymilk
86dualszlw;Murray LLC;Nuts,Tinned,Red Cabbage,Chives,Tarragon
z6zmu1wh5i;Goldner LLC;Iceberg Lettuce,Canola Oil,Taleggio Cheese
wibfe1yfnv;Koelpin-Feeney;Kombu,Baking Powder,Parsnip,Nutritional Yeast,Provolone
bb4018uo7l;Braun-Wunsch;Loquats,Pear Juice,Soy Beans,Silverbeet
oqo239seu7;Wolff-Cartwright;Coriander Leaves,Rice Noodles,Sunflower Oil
kb6z15e2sf;Bruen-Jaskolski;Mastic,Warehou,Flaxseed Oil,Jasmine Rice
0o9za7g802;Brown Group;Redfish,Green Tea Noodles,Pork,Ham
obpw7w3yyc;Rempel and Sons;Cacao,Canola Oil,Freekeh
pj94trv72h;Pollich Inc;Bean Sprouts,Nuts,Tahini,Wakame
zufqqip6mx;Reilly-Ebert;Strawberries,Ham,Spinach,Apples,William Pear
9ed99ud2au;Kerluke-Armstrong;Sunflower Seeds,Pecan Nut,Nutritional Yeast
hkswhg05s7;Lubowitz, Prohaska and Reilly;Redfish,Cinnamon,Pork,Extra Virgin Olive Oil
m74dco7htl;Kunze Inc;Flaxseed Oil,Green Tea Noodles,Saffron
jlau27soee;Botsford Inc;Curry Powder,Canola Oil,Bonza,Smoked Trout,Cinnamon
7oophulk1q;Kerluke-Armstrong;Soy Sauce,Green Tea Noodles,Rice Flour,Shark,Warehou
n66b9mo2pj;Goldner LLC;Strawberries,Cauliflower,Lychees,Red Cabbage,Canola Oil
oa8ejrooaz;Dare LLC;Tapioca Flour,Chia Seeds,Chives,Bean Sprouts
tnl0huz7xj;Cummings, O'Hara and Casper;Corn Oil,Rockmelon,Achacha,Salmon
8im10hv7gb;Reilly-Ebert;Bean Sprouts,Vegetable Stock,Baking Powder,Oatmeal
fo2r6b3536;Schmeler-Renner;Parsnip,Soy Beans,Peas,Sunflower Oil,Chia Seeds
8d18ttgdqc;Skiles Group;Canola Oil,Rice Flour,Cornmeal,Vegetable Oil,Curry Powder
qsg1q55nlj;Bruen-Jaskolski;Shark,Mastic,Provolone
0503zo9glt;Wolff-Cartwright;Rice Noodles,Omega Spread,Tarragon
6nihufm1k4;Pollich Inc;Camomile,Elderberry,Beef
utnlnvip7m;Becker, Considine and Koelpin;Cornmeal,Ham,Red Cabbage
2bgvvb8t1t;McCullough, Leannon and Nolan;Soy Sauce,Kombu,Cornmeal,Mahlab
2eetp7ae6d;Cummings, O'Hara and Casper;Flat Mushrooms,Flaxseed Oil,Tahini
rle3sflg0s;Leannon, Cassin and Trantow;Apples,Rye Bread,Kombu
5ticki9di2;Koelpin-Feeney;Nuts,White Wine,Bonza,Turnips,Cinnamon
9u06ykvby1;Kutch, Ryan and Boyer;Sunflower Oil,Chia Seeds,Chives,Vegetable Oil,Turnips
dvkotbdkwt;Bosco-Bayer;Rye Bread,Parsnip,Camomile,English Spinach
6w2spoy739;Gottlieb, Wolff and Bechtelar;Soy Beans,Apple Cider Vinegar,Pecan Nut,Apples
if3ranqter;Pollich Inc;Extra Virgin Olive Oil,Apple Cider Vinegar,Pear Juice,Cinnamon,Ham
ygciwbczdr;Schinner, Sauer and Powlowski;Rockmelon,Bean Sprouts,Butter,Rose Water
cv977bn3yn;Aufderhar, Mosciski and Smith;Kombu,Pecan Nut,Parsnip,Rye Bread
mognfpn918;Bosco-Bayer;Oatmeal,Pecan Nut,Rice Flour,Cottage Cheese,Soy Sauce
ub7k2eo63b;Kunze Inc;Elderberry,Bacon,Rose Water,Red Cabbage
qt2ckiovav;Leffler-Huel;Rice Noodles,Mastic,Soy Beans,Smoked Trout
ff6gv5hoyi;Kerluke-Armstrong;Ham,Oatmeal,Cardamom,Feta
8ermf3v4v2;Koelpin-Feeney;Pear Juice,Black Eyed Beans,Iceberg Lettuce,Vegetable Oil,Cinnamon
3shmut8syw;Braun-Wunsch;Plums,Chives,English Spinach
7d44x9x65c;Medhurst, Streich and Schamberger;Wakame,Soy Sauce,Cacao,Soy Beans
rpck6r3xpa;Aufderhar, Mosciski and Smith;Extra Virgin Olive Oil,Rice Flour,Dried Apricots,Fingerlime
ol0e5uoulp;Kunze Inc;Strawberries,Feta,Cottage Cheese,Dried Apricots
stna4rmp3w;Braun-Wunsch;Silverbeet,Rockmelon,Bonza,Cardamom
m08ncvzwed;Gottlieb, Wolff and Bechtelar;Freekeh,Flat Mushrooms,Tarragon,Nuts,Camomile
v8qxa58opw;Nienow LLC;Taleggio Cheese,Feta,Spinach,Nutritional Yeast
nsxmsdo04p;Reilly-Ebert;Black Eyed Beans,Silverbeet,Mahlab,Bacon,Sunflower Oil
uo30kdr9mp;Breitenberg Group;Cream Cheese,Kidneys,Redfish
7qm8do531k;McCullough, Leannon and Nolan;Apricots,Camomile,Warehou,Chives,Baking Powder
s5m0aanmiw;Gottlieb, Wolff and Bechtelar;Strawberries,Smoked Trout,Feta,Provolone
rjbh26me3f;Wolff-Cartwright;Baking Powder,Iceberg Lettuce,Saffron,Strawberries,Cream Cheese
qy4mqg8ggd;Schaden LLC;Salmon,Flat Mushrooms,Wakame
1uw3wrftod;Brown Group;Coriander Leaves,Tahini,Pecan Nut,Peas
19hoqk8jn8;Cummings, O'Hara and Casper;Soymilk,Soy Sauce,Silverbeet
fkkeobqhtr;Schaden LLC;Cottage Cheese,Tinned,Bonza
i0a4yonckc;Goldner LLC;Provolone,Apples,Cacao,Apple Cider Vinegar
8qmf7slcln;Sipes, Schamberger and Stokes;Apricots,Tinned,Vegetable Stock,Pork,Corn Oil
ujzogb7dvm;Kutch, Ryan and Boyer;Cream Cheese,Green Tea Noodles,William Pear,Salmon
dnbot8ir3j;Murray LLC;Parsnip,English Spinach,Dried Apricots,Mastic
ipbs5yp6lo;Cummings, O'Hara and Casper;Plums,Sunflower Seeds,Bean Sprouts,Flaxseed Oil
7pypgoa6bc;Bruen-Jaskolski;Extra Virgin Olive Oil,Strawberries,Rockmelon
nse9hlaak0;Breitenberg Group;Rockmelon,English Spinach,Pear Juice,Cauliflower
epjmlv0vcs;Dare LLC;Omega Spread,Coriander Leaves,Pear Juice,English Spinach
drhravxlqe;Braun-Wunsch;Dried Apricots,Apples,Pecan Nut
y6i6jxhyse;Murray LLC;Cornmeal,William Pear,Rye Bread,Provolone
su5jp4igfs;Goldner LLC;Cauliflower,Shark,Wakame,Smoked Trout,Chives
oeu5m54ggl;Botsford Inc;Bean Sprouts,Sunflower Oil,Jasmine Rice,Curry Powder,Omega Spread
xhjlubj63f;Sporer Group;Silverbeet,Apples,Chia Seeds,Bacon,Shark
f6560hs8c8;Gottlieb, Wolff and Bechtelar;Mahlab,Sunflower Oil,Beef
tmbvcf4siu;Schinner, Sauer and Powlowski;Provolone,Spinach,Turnips
9eatwg63h9;Johnson, Watsica and Koch;Sunflower Oil,Redfish,Chives
ik2mm560ke;Koelpin-Feeney;Oatmeal,Nutritional Yeast,Bean Sprouts,Black Eyed Beans,Cream Cheese
5opdet1z9k;Schinner, Sauer and Powlowski;Cornmeal,Turnips,Salmon,Extra Virgin Olive Oil,Beef
n55vnqjojn;Lockman-Wintheiser;Iceberg Lettuce,Rice Flour,Cauliflower,Cardamom
8yr32nbr7t;Dickens-Ortiz;Wakame,Cacao,Kidneys,Camomile
3nhuf4cdau;Lindgren, Willms and MacGyver;Bonza,White Wine,Baking Powder
j0407wwya5;Schmeler-Renner;Kombu,Dried Apricots,Rice Noodles
tnr6srhwrq;Gottlieb, Wolff and Bechtelar;Vegetable Stock,Silverbeet,Lychees
2zpyryoxot;Schmitt-Reichert;Soy Sauce,Pecan Nut,Vegetable Oil,Jasmine Rice
ffzw0qi2tf;Becker, Considine and Koelpin;Fingerlime,Cornmeal,Rockmelon,Cacao
oksrljw1gt;Bruen-Jaskolski;Green Tea Noodles,Iceberg Lettuce,Tamarillo
pgdzx1avjm;Cremin Inc;Jasmine Rice,Cacao,Kombu,Coriander Leaves
0muezgmdes;Hegmann Inc;Sunflower Oil,Redfish,Rice Flour
aaoogqigmn;Johnson, Watsica and Koch;Warehou,Lychees,Iceberg Lettuce,Bonza
qfyp3xlijp;Bruen-Jaskolski;Shark,Bacon,Soy Beans,Ham
6qglf263w0;Lubowitz, Prohaska and Reilly;Tapioca Flour,Camomile,Coriander Leaves
fulermcxsa;Leffler-Huel;Mastic,Flaxseed Oil,Shark
dhipnwb4vr;Schmeler-Renner;Rice Flour,Pecan Nut,Cream Cheese,Chia Seeds
ibcy1odoz4;Goldner LLC;Elderberry,Vegetable Oil,Turnips
4eglcs20ra;Skiles Group;Curry Powder,Dried Apricots,Ham,Sunflower Oil
bd3lu75we7;Schinner, Sauer and Powlowski;Chia Seeds,Kidneys,Cream Cheese
fzy1749m8f;Hegmann Inc;Flat Mushrooms,Apricots,Tahini
a4uuz3g3p0;Schmeler-Renner;Curry Powder,Soy Sauce,Vegetable Stock,Canola Oil,Green Tea Noodles
d9vtegpfvq;Cummings, O'Hara and Casper;Fingerlime,Pecan Nut,Sunflower Seeds
zrexgxvgn9;Hegmann Inc;Pecan Nut,Bacon,Strawberries,Canola Oil
v3vh7duv6v;Johnson, Watsica and Koch;Tinned,Coriander Leaves,Ham,Silverbeet
8kfr6oe5up;Schmeler-Renner;Tapioca Flour,Pork,Soymilk,Apricots
ccidwuedg9;Sporer Group;Tamarillo,Jasmine Rice,Taleggio Cheese,Sunflower Seeds,Warehou
lo4fznsll5;Bruen-Jaskolski;Cacao,Apples,Flaxseed Oil,Achacha,Turnips
d7kl2xpaxg;Dietrich Inc;Silverbeet,Berries,Black Eyed Beans,Beef,Sunflower Oil
kn7sm5iujm;Medhurst, Streich and Schamberger;Beef,Curry Powder,Cauliflower,Redfish,Taleggio Cheese
9pe5bj0nn0;Feil LLC;Cauliflower,Beef,Freekeh
jvpksy0abm;Goldner LLC;Iceberg Lettuce,Flaxseed Oil,Cinnamon
doi1pl57w5;Berge-Parker;Bonza,Nuts,Tinned,Saffron
l76854dvts;Skiles Group;Tinned,Omega Spread,Tapioca Flour
nb9znrq2h3;Dietrich Inc;Plums,Sunflower Seeds,Cauliflower,Rockmelon
9fkdg0lx1e;Blanda and Sons;Taleggio Cheese,Chives,Nutritional Yeast,Apricots,Smoked Trout
evny8ivx6n;Dare LLC;Rye Bread,Wakame,Lychees
9j7zc6mt3z;Cremin Inc;Soymilk,Rye Bread,Sunflower Seeds
pzuqzt7ysq;Hegmann Inc;Canola Oil,William Pear,Salmon
br53yne52m;Botsford Inc;Chia Seeds,Loquats,Chives
qkdnntxipq;Murray LLC;Soy Sauce,Tahini,Black Eyed Beans,Kombu
faxa6igky6;Aufderhar, Mosciski and Smith;Soy Beans,Tamarillo,Soymilk,Silverbeet
efj2gubq6d;Kutch, Ryan and Boyer;Dried Apricots,Cottage Cheese,Bean Sprouts,Apricots,Black Eyed Beans
4b68m02wtv;Herman, Considine and Senger;Shark,Rice Noodles,Spinach,Freekeh,Soy Sauce
6xm00zrv8t;Schinner, Sauer and Powlowski;English Spinach,Freekeh,Apples
9117p2edj3;McCullough, Leannon and Nolan;Spinach,Provolone,Rose Water,Pork,Elderberry
klve2qimyl;McCullough, Leannon and Nolan;Soy Sauce,Baking Powder,Cinnamon,Rice Noodles,Salmon
yea5sw2lx2;Nienow LLC;Red Cabbage,Pork,Nuts,Tamarillo,Achacha
yp5f6l100c;Dare LLC;Feta,Peas,Parsnip
bo2trdpxwl;Blanda and Sons;Nutritional Yeast,Wakame,Green Tea Noodles,Peas
rfllae5gfj;Dickens-Ortiz;Soy Sauce,Kombu,Pork,Green Tea Noodles
zr6lfkc2v8;Herman, Considine and Senger;Loquats,Beef,Apple Cider Vinegar,Cream Cheese,Dried Apricots
42zk0sdy4c;Cremin Inc;Vegetable Stock,Tapioca Flour,Rose Water,Pear Juice,Saffron
l236wno3dy;Goldner LLC;Cinnamon,Mastic,Cacao
3yita8h6ws;Kutch, Ryan and Boyer;Red Cabbage,Tahini,Berries,Redfish
nrbszzrng5;Johnson, Watsica and Koch;Extra Virgin Olive Oil,Taleggio Cheese,Pear Juice,Bacon
0bugjtku4z;Schaden LLC;Wakame,Green Tea Noodles,Silverbeet,Taleggio Cheese,Saffron
lw52h08n3e;Sipes, Schamberger and Stokes;Curry Powder,Apricots,Baking Powder,Rose Water
n6l5hbo4nw;Becker, Considine and Koelpin;Shark,Rice Noodles,Ham,Baking Powder
mkki12v9wy;Gottlieb, Wolff and Bechtelar;William Pear,Cottage Cheese,Butter
1wu526e5zi;Skiles Group;Pork,Butter,Fingerlime
0j549ac0ia;Hyatt Inc;Flat Mushrooms,Apple Cider Vinegar,Tamarillo
9yheq47hho;Herman, Considine and Senger;Rockmelon,Elderberry,Rice Noodles,Apple Cider Vinegar,Pecan Nut
obp89li682;Murray LLC;Cream Cheese,Ham,Cinnamon,Tinned
klmz8muhf0;Koelpin-Feeney;Sunflower Oil,Beef,Bean Sprouts,Smoked Trout,Lychees
v2ssr6jy0l;McCullough, Leannon and Nolan;Redfish,Camomile,Shark
0ivctm73dm;Leannon, Cassin and Trantow;Black Eyed Beans,Tamarillo,English Spinach
d017knr3kr;Rempel and Sons;Apricots,Vegetable Oil,Soymilk
13ouqhqsv1;Schinner, Sauer and Powlowski;Warehou,Cottage Cheese,Soymilk
f44kogbeuj;Rempel and Sons;Silverbeet,Cottage Cheese,Rose Water
oke7w3j67y;Hyatt Inc;Bonza,Tamarillo,Fingerlime,Feta
7h9z0oi6si;Breitenberg Group;Rice Flour,William Pear,Rye Bread,Tamarillo
5qqvk4lpza;Kulas LLC;Sunflower Oil,Elderberry,Strawberries,Kombu
99o645tc52;Quigley-Braun;Black Eyed Beans,Elderberry,Corn Oil,Ham,English Spinach
x83th7yn6k;McCullough, Leannon and Nolan;Extra Virgin Olive Oil,Elderberry,Coriander Leaves,Shark,Berries
2pwyroqz8i;Gottlieb, Wolff and Bechtelar;Apricots,Jasmine Rice,Hokkien Noodles
o63ow0tmtn;Leffler-Huel;Rye Bread,Shark,Taleggio Cheese,Silverbeet
3td0qtrdfd;Rempel and Sons;Oatmeal,Coriander Leaves,Bonza
tvrxnc8lv5;Hegmann Inc;Butter,Pork,Apple Cider Vinegar
4ylinzw66n;Botsford Inc;Turnips,Salmon,Jasmine Rice,Silverbeet
dgy4gb9ih5;Sipes, Schamberger and Stokes;Oatmeal,Rose Water,Cardamom
fnvqdjj2en;Lubowitz, Prohaska and Reilly;Black Eyed Beans,Nutritional Yeast,Tamarillo,Parsnip,Freekeh
kcvqjbo23a;Blanda and Sons;Mahlab,Beef,Bonza,Tamarillo,Kidneys
rx32ed24py;Breitenberg Group;Cauliflower,English Spinach,Chives
c0utlpbmor;Lindgren, Willms and MacGyver;Iceberg Lettuce,Baking Powder,Plums,White Wine,Tamarillo
6o6xcdr4nr;Deckow-Kihn;Beef,Spinach,Achacha,Nuts
9rbhpk19x0;Leannon, Cassin and Trantow;Apricots,Coriander Leaves,Flat Mushrooms,Plums,Smoked Trout
tt78pglfau;Hyatt Inc;Elderberry,White Wine,Warehou
iilkvmu12w;McCullough, Leannon and Nolan;Nutritional Yeast,Bacon,White Wine,Soymilk,Butter
2dq4fwhviz;Dietrich Inc;Vegetable Oil,Feta,Salmon,Dried Apricots,Red Cabbage
sq9dgjt7py;Breitenberg Group;Silverbeet,Camomile,Baking Powder,Beef,Plums
k74axj92n1;Herman, Considine and Senger;Apples,Corn Oil,Cottage Cheese,Rockmelon,Tinned
a4mlu8ytp6;Reilly-Ebert;Feta,Pork,Bean Sprouts,Kidneys,Taleggio Cheese
ufgijyal9p;Cummings, O'Hara and Casper;Spinach,Tahini,Silverbeet,Freekeh,Soymilk
zb57m5g0rf;Dare LLC;Extra Virgin Olive Oil,Silverbeet,Fingerlime
oofsp56fmj;Lindgren, Willms and MacGyver;Omega Spread,Spinach,Pear Juice,Black Eyed Beans
396qbm62t4;Becker, Considine and Koelpin;Provolone,Pork,Tinned,Canola Oil
l5w16g2e1q;Rempel and Sons;Cacao,Black Eyed Beans,Vegetable Oil,Soymilk,Fingerlime
a4xx064ww9;Hegmann Inc;Freekeh,Red Cabbage,Rockmelon,Turnips,Iceberg Lettuce
2hb3yd2ik4;Braun-Wunsch;Berries,English Spinach,Nutritional Yeast,Chives
z91v6ly72n;Lockman-Wintheiser;Lychees,Pear Juice,Vegetable Stock,Iceberg Lettuce
1t51rhfban;Lockman-Wintheiser;Chia Seeds,Pear Juice,Wakame
is8vp9c66o;Hegmann Inc;Oatmeal,Cinnamon,Baking Powder,Soy Beans,White Wine
n0jv3j0imq;Blanda and Sons;Extra Virgin Olive Oil,Iceberg Lettuce,Kidneys
5urkh5t0e2;McCullough, Leannon and Nolan;Strawberries,Loquats,Tarragon,Nuts
9if9gw2krz;Johnson, Watsica and Koch;Apple Cider Vinegar,Ham,Spinach
oda7emf8s9;Lockman-Wintheiser;Bacon,Spinach,Flaxseed Oil,Kombu
e11qvv5p57;Feil LLC;Smoked Trout,Taleggio Cheese,Saffron
tez4ci3yq7;Schmeler-Renner;Saffron,Redfish,Ham,Sunflower Oil,Tapioca Flour
iq0cfzgle8;Cummings, O'Hara and Casper;Camomile,Freekeh,Provolone,Lychees,Chives
9ohwx5djrk;Kulas LLC;Freekeh,Vegetable Oil,Apples
271i6plzpm;Sipes, Schamberger and Stokes;Extra Virgin Olive Oil,Nuts,Cacao,Butter
j8bvo8k39b;Schinner, Sauer and Powlowski;Berries,Soy Sauce,Peas
5smu9pmf9v;Dickens-Ortiz;Kombu,Flaxseed Oil,Cream Cheese,Pear Juice,Apple Cider Vinegar
uweuy2cids;Dare LLC;Tapioca Flour,Green Tea Noodles,Tamarillo
qe6kopy3zu;Schmitt-Reichert;Freekeh,Kidneys,Mahlab,Saffron
rea739w66v;Bosco-Bayer;Rice Flour,Camomile,Tamarillo,Cacao,Butter
hx3bofcyok;Murray LLC;Canola Oil,Cardamom,Provolone,Redfish,Tarragon
5efirdm1c3;Sipes, Schamberger and Stokes;Kidneys,Rice Noodles,Cinnamon,Corn Oil
vptu1e0k2i;Breitenberg Group;Rye Bread,Salmon,Soy Beans
ivrqrc1djp;Bosco-Bayer;Cinnamon,Kidneys,Flaxseed Oil
oxjstz07ee;Kunze Inc;Soy Beans,Bean Sprouts,Cauliflower
c022b3uxh3;Heidenreich-Hagenes;Taleggio Cheese,English Spinach,Rice Flour,Jasmine Rice
8ylp6c2uby;Cremin Inc;Chives,Mastic,Butter,Strawberries,Hokkien Noodles
lq0x9kq823;Hegmann Inc;Saffron,Rose Water,Rye Bread,Mastic
rwl6kqd6vs;Herman, Considine and Senger;Beef,Flaxseed Oil,Cacao,Strawberries,Nuts
i1znl0aikp;Dare LLC;Turnips,Redfish,Tahini,Black Eyed Beans
tmnwmwnfg0;Heidenreich-Hagenes;Red Cabbage,Cream Cheese,Black Eyed Beans
mjnwtg38o8;Gottlieb, Wolff and Bechtelar;Beef,Wakame,Corn Oil
o1donnjhox;Breitenberg Group;Vegetable Oil,Cream Cheese,Beef,Cinnamon,Soy Beans
xxm5nwwenx;Deckow-Kihn;Redfish,Pear Juice,Black Eyed Beans,Canola Oil
zjq27adiss;Becker, Considine and Koelpin;Smoked Trout,Turnips,Rice Noodles
jvk7gdmg5b;Botsford Inc;Cottage Cheese,Jasmine Rice,Berries,Wakame,Kombu
hhgbzaww6d;Dare LLC;Coriander Leaves,Curry Powder,Jasmine Rice,Cauliflower,Sunflower Oil
wqqroeiw3i;Lockman-Wintheiser;Fingerlime,Beef,Omega Spread,Dried Apricots,Kombu
337jre0vs5;Leannon, Cassin and Trantow;Green Tea Noodles,Kidneys,Rye Bread,Rice Flour
a8d1x0k04f;Hegmann Inc;Kidneys,Feta,Curry Powder
fq16ctolwj;Rempel and Sons;Cardamom,Pork,Achacha,Plums
16ase6ts9n;Koelpin-Feeney;Pork,Cottage Cheese,Nutritional Yeast,Shark,Green Tea Noodles
rmq1m2138w;Gottlieb, Wolff and Bechtelar;Ham,Omega Spread,Sunflower Seeds
c2l6ikl4vb;Gottlieb, Wolff and Bechtelar;Feta,Cinnamon,Nuts,Corn Oil
bjmk53jinu;Reilly-Ebert;Tapioca Flour,Sunflower Seeds,Apricots
t4kvev2qm9;Leannon, Cassin and Trantow;White Wine,Soymilk,Taleggio Cheese
83l0ayi28b;Cummings, O'Hara and Casper;Canola Oil,Mahlab,Bonza
lpfdxuk8go;Lubowitz, Prohaska and Reilly;Tarragon,Achacha,Flat Mushrooms,Tapioca Flour,Smoked Trout
xkvi291mgp;Bosco-Bayer;Salmon,Rice Noodles,Camomile
xngirtraf8;Kulas LLC;Red Cabbage,Achacha,Tinned,White Wine
3lqpmhi3yz;Schmeler-Renner;Iceberg Lettuce,Flaxseed Oil,Soy Sauce,Freekeh,Baking Powder
esve47d5ud;Leannon, Cassin and Trantow;Tahini,Hokkien Noodles,Wakame,Vegetable Oil,Ham
c2lomvslvc;Nienow LLC;Achacha,Nuts,Rose Water
6b45swepyd;Blanda and Sons;Apple Cider Vinegar,Beef,Sunflower Seeds,Flat Mushrooms,Oatmeal
zotvel0t21;Leannon, Cassin and Trantow;Ham,Curry Powder,Flaxseed Oil,Berries
dt71js09uq;Schinner, Sauer and Powlowski;Camomile,Mastic,Omega Spread,English Spinach
o8f8v09esx;Schmitt-Reichert;Freekeh,Green Tea Noodles,Jasmine Rice,Nuts,Berries
frbreygqfg;Hyatt Inc;Baking Powder,Salmon,Shark
cw8p8lhvoq;Leannon, Cassin and Trantow;Strawberries,Canola Oil,Lychees,Mahlab
5z69narik7;Dare LLC;Cardamom,White Wine,Tamarillo,Pear Juice
fovt67nqjg;Herman, Considine and Senger;Peas,Taleggio Cheese,Salmon,Red Cabbage
ff5nf614yy;Kulas LLC;Omega Spread,Lychees,Soy Sauce
1lx2n5i7pq;Nienow LLC;Elderberry,Tinned,Plums,Turnips
gv2pjy615r;Kulas LLC;Kidneys,Cornmeal,Apricots
cou0g789xm;Berge-Parker;Berries,Pear Juice,Wakame,Chia Seeds
572m9jxntd;Leffler-Huel;Feta,William Pear,Silverbeet
h9j8yg6ppm;Braun-Wunsch;Jasmine Rice,Cinnamon,Provolone,Tinned
ffgo0bp4k6;Herman, Considine and Senger;Apple Cider Vinegar,Freekeh,Flaxseed Oil,Sunflower Seeds
te2k8zswlo;Dickens-Ortiz;Chia Seeds,Coriander Leaves,Oatmeal,Apricots,Warehou
27emy1blil;Braun-Wunsch;Shark,Iceberg Lettuce,Red Cabbage,Soymilk,Omega Spread
fixc6x8rsf;Hyatt Inc;Silverbeet,Vegetable Stock,Plums,Rice Flour,Cauliflower
0bdch7e650;Goldner LLC;Cacao,Soy Sauce,Bean Sprouts,Saffron
c98r5yzs8u;Kunze Inc;Tamarillo,Lychees,Ham,Mahlab,Turnips
jvfc2qnqxj;Skiles Group;Jasmine Rice,Cardamom,Elderberry,Tamarillo
4gcsg8bn51;Lindgren, Willms and MacGyver;Red Cabbage,Sunflower Seeds,Chia Seeds,Feta
dtylkvl45g;Kunze Inc;Bacon,Pecan Nut,Cacao
1ksr8rxv3j;Botsford Inc;Plums,Rice Flour,Kombu
gayw1dm3et;Schaden LLC;Rockmelon,Curry Powder,Corn Oil,Strawberries
awfh7da0cq;Bruen-Jaskolski;Vegetable Oil,Parsnip,Provolone,Camomile
ttesx29jqv;Schinner, Sauer and Powlowski;Apples,Rice Noodles,White Wine
t3lbmvsz7g;Brown Group;Jasmine Rice,Oatmeal,Apricots,Turnips,Achacha
nt8fl4mswj;Schmeler-Renner;Turnips,Flat Mushrooms,Lychees
bc39c8wcne;Lockman-Wintheiser;Cardamom,Berries,Green Tea Noodles,Dried Apricots
kdc0p67tuv;Botsford Inc;Nutritional Yeast,Pear Juice,Flat Mushrooms
oavmib4k66;Dietrich Inc;Soymilk,Plums,Apple Cider Vinegar,Redfish,Baking Powder
3grh0i2i1u;Cremin Inc;Loquats,Extra Virgin Olive Oil,Rice Flour,Rice Noodles,Sunflower Oil
axmgxd30b7;Bosco-Bayer;Chia Seeds,Bacon,Cauliflower
uz47prxh7t;Breitenberg Group;Oatmeal,Apricots,Jasmine Rice
5pf1hqmj50;Cummings, O'Hara and Casper;Taleggio Cheese,Nutritional Yeast,Fingerlime,Sunflower Oil
qz7ktt52i5;Kutch, Ryan and Boyer;Rice Flour,Strawberries,Oatmeal
p67ka79qaf;Schaden LLC;Bacon,Nuts,Soy Beans
iw3on353w8;Pollich Inc;Freekeh,Plums,Jasmine Rice
ujfi981tmg;Cremin Inc;Tarragon,Silverbeet,Kidneys,Jasmine Rice,Mahlab
blfvb273hp;Deckow-Kihn;Sunflower Oil,Rice Flour,Freekeh
npyuskbauj;Cummings, O'Hara and Casper;Camomile,Tinned,Apple Cider Vinegar,Kombu
8hs4iqao6r;Johnson, Watsica and Koch;Black Eyed Beans,Corn Oil,Ham,Extra Virgin Olive Oil,White Wine
dqv5rb1nbs;Bosco-Bayer;Vegetable Stock,Apple Cider Vinegar,Peas,Parsnip,Red Cabbage
7pxdrhm7rj;Lindgren, Willms and MacGyver;Fingerlime,Soy Beans,Ham,Rice Noodles,Curry Powder
flhhfvvby8;Pollich Inc;Green Tea Noodles,Hokkien Noodles,Omega Spread
civclquain;Herman, Considine and Senger;Provolone,Jasmine Rice,Spinach
f1w7ebr1qz;Reilly-Ebert;Flat Mushrooms,Plums,Bean Sprouts
06hzscg5hj;Nienow LLC;Warehou,Rye Bread,Rice Noodles,Strawberries
nuc6rpgnvy;Braun-Wunsch;Kombu,Tarragon,English Spinach,Berries,Red Cabbage
84yz6l3hd4;Reilly-Ebert;Baking Powder,Rockmelon,Tamarillo
xvht4bnr8s;Schaden LLC;Black Eyed Beans,Lychees,Baking Powder
uj5lyiiuft;Botsford Inc;Tinned,Sunflower Oil,Loquats,Curry Powder,Flat Mushrooms
rhn1v34u8t;Johnson, Watsica and Koch;Hokkien Noodles,Cream Cheese,Tapioca Flour,Soy Sauce,William Pear
nr0qelg894;Kunze Inc;Vegetable Stock,Shark,Soy Beans
upxil65133;Johnson, Watsica and Koch;Pecan Nut,Cauliflower,Dried Apricots,Kombu,Cream Cheese
kaxrm6v2da;Rempel and Sons;Elderberry,Dried Apricots,Corn Oil,Cardamom
bdrjerywmc;Sporer Group;Canola Oil,Iceberg Lettuce,Turnips,Tarragon
cz93ynx74f;Quigley-Braun;Silverbeet,Berries,Cottage Cheese
38yz1a6js7;Murray LLC;Elderberry,Apples,Tarragon,Cacao
f3v19t0a93;Dare LLC;Cream Cheese,Soy Sauce,Lychees
761iv83hst;Schaden LLC;Loquats,Oatmeal,Chives,Saffron
vgxz2pg4bj;Feil LLC;Apricots,Saffron,Cottage Cheese,Chia Seeds,Rice Flour
janb3ugjwe;Cummings, O'Hara and Casper;Oatmeal,Tahini,Cinnamon,Soy Sauce,Lychees
7xlkiwlpw0;Dietrich Inc;Berries,Rockmelon,Salmon
1zfjz43qm3;Botsford Inc;Green Tea Noodles,Tapioca Flour,Peas,Soy Beans
qtsai8z8vm;Dare LLC;Baking Powder,Kombu,English Spinach,Pecan Nut
aexlrnp2gk;Bruen-Jaskolski;Soy Beans,Coriander Leaves,Tinned
0q0fuvrex2;Dickens-Ortiz;Cardamom,Loquats,Shark
7kdbp9zn30;Feil LLC;Loquats,Feta,Curry Powder
pvdh5kr2l8;Feil LLC;Apples,Cardamom,Bacon,Tinned,Baking Powder
ng2ai2c384;Hyatt Inc;Chia Seeds,Taleggio Cheese,Beef,Flat Mushrooms
1i5x23ve1o;Schmeler-Renner;Iceberg Lettuce,Silverbeet,English Spinach,Vegetable Stock,Baking Powder
l721send0z;Nienow LLC;Apricots,Chia Seeds,Saffron
gw01ggjs3m;Leannon, Cassin and Trantow;Extra Virgin Olive Oil,Mahlab,Baking Powder,Spinach
c6cc07wcvl;Hyatt Inc;Pecan Nut,Butter,Wakame,Chives,Vegetable Oil
gv1g8lgc4g;Blanda and Sons;Elderberry,Curry Powder,Cinnamon,Cauliflower,Nuts
fpiw0p6qly;Botsford Inc;Red Cabbage,Cauliflower,William Pear
52yh8v3d0r;Brown Group;Green Tea Noodles,Red Cabbage,Chia Seeds,Tapioca Flour,Peas
4n6y5xq0bu;Blanda and Sons;Bonza,Silverbeet,Peas
akqkikmlbl;Medhurst, Streich and Schamberger;Green Tea Noodles,Sunflower Seeds,Apricots,Mahlab
v4ykwr87j4;McCullough, Leannon and Nolan;Lychees,Corn Oil,Cottage Cheese
v4e9f8daa4;Cremin Inc;Bonza,Rockmelon,Cream Cheese,Saffron,White Wine
vd52ft3dry;Leffler-Huel;Silverbeet,Freekeh,Apricots,Pork,Green Tea Noodles
1bm0217i6p;Dickens-Ortiz;Berries,Sunflower Seeds,English Spinach,Dried Apricots
n7rjjm0cf1;Quigley-Braun;Cream Cheese,Elderberry,Turnips,Nutritional Yeast
5kjuw5hl7d;Murray LLC;Apples,Turnips,Pecan Nut,Jasmine Rice
uvhginhh9y;Blanda and Sons;Bean Sprouts,Fingerlime,Extra Virgin Olive Oil,Hokkien Noodles
m8fkikv5bq;Dare LLC;Parsnip,Black Eyed Beans,Red Cabbage,Bacon
xw4ryvpsfv;Skiles Group;Nuts,White Wine,Cornmeal
12n1yanx6l;Breitenberg Group;Saffron,Salmon,Rice Noodles,Freekeh
3xbjbe41pp;Braun-Wunsch;Hokkien Noodles,Flat Mushrooms,Bean Sprouts,English Spinach
dqh9otr9ci;Kerluke-Armstrong;Iceberg Lettuce,Cream Cheese,Mastic
ii92pyoze8;Aufderhar, Mosciski and Smith;Taleggio Cheese,Turnips,Pear Juice,Camomile,Smoked Trout
ki5upbm2go;Kunze Inc;Flat Mushrooms,Chia Seeds,Plums,Provolone,Dried Apricots
g7a1mlrt3b;Gottlieb, Wolff and Bechtelar;Feta,Flat Mushrooms,Achacha,Hokkien Noodles
62ywg7ucck;Dare LLC;Flat Mushrooms,Shark,Sunflower Seeds
ncvl5jpspn;Gottlieb, Wolff and Bechtelar;Pecan Nut,Rice Flour,Soymilk,Soy Sauce
7i6d8itdt2;Kulas LLC;Bonza,Cardamom,Apple Cider Vinegar,Wakame,Rose Water
rd4z8t6cxh;Aufderhar, Mosciski and Smith;Nutritional Yeast,Kidneys,Feta,Rice Flour
kx41pchlaf;Cremin Inc;Bean Sprouts,Feta,Tahini
14o1u39w1u;Dietrich Inc;Taleggio Cheese,Lychees,White Wine,Cinnamon,Salmon
b2vcq7w02e;Braun-Wunsch;Camomile,Omega Spread,Hokkien Noodles
byl33btijs;Kerluke-Armstrong;Taleggio Cheese,Pork,Bean Sprouts,Ham
rxkwcejt0i;Kerluke-Armstrong;William Pear,Dried Apricots,Redfish,Apples,Pork
uilzeuyaam;Leffler-Huel;Pork,Peas,Bonza,Shark,Extra Virgin Olive Oil
xbvwx998dn;Dickens-Ortiz;Baking Powder,Cream Cheese,Taleggio Cheese
17b3alkbpm;Schmitt-Reichert;Rose Water,Beef,Bonza,Peas
195jcnumje;Breitenberg Group;Flaxseed Oil,Parsnip,Loquats,Pork,Apple Cider Vinegar
sgnryg7ck8;Dare LLC;Iceberg Lettuce,Extra Virgin Olive Oil,Pecan Nut,Plums
fw1dqqsvyv;Quigley-Braun;Pork,Baking Powder,Curry Powder,Coriander Leaves,Dried Apricots
z3g171bs6d;Breitenberg Group;Provolone,Chia Seeds,Cinnamon
8dvis2w04u;Cremin Inc;Wakame,Cauliflower,Berries,Smoked Trout
qqm3bo6qgu;Johnson, Watsica and Koch;Pear Juice,Spinach,Jasmine Rice,Nuts
ilrqkuqf9t;Herman, Considine and Senger;Cornmeal,Cream Cheese,Tarragon,Beef,Oatmeal
6bxtpixoll;Leannon, Cassin and Trantow;Iceberg Lettuce,Rice Noodles,Cardamom,Saffron
wynd0875iw;Berge-Parker;Fingerlime,Cottage Cheese,Wakame
ny8n7mge8l;Kunze Inc;Berries,Bonza,Sunflower Oil,Baking Powder
8j6g2l4jhq;Cremin Inc;Vegetable Oil,Hokkien Noodles,Nuts,Jasmine Rice,Salmon
d5r0j3ufvy;Cremin Inc;Apples,William Pear,Cardamom,Soymilk,Wakame
kv6ufukca7;Heidenreich-Hagenes;Rice Flour,Extra Virgin Olive Oil,Loquats,Shark,Chives
9w9h3kehjg;Heidenreich-Hagenes;Flat Mushrooms,Tamarillo,Hokkien Noodles,Vegetable Stock,Wakame
b29chwntkb;Lindgren, Willms and MacGyver;Rice Flour,Red Cabbage,Extra Virgin Olive Oil
wmhjm7nv3m;Blanda and Sons;Flat Mushrooms,Freekeh,Extra Virgin Olive Oil
4k4uiksavt;Medhurst, Streich and Schamberger;Pear Juice,Soy Beans,Dried Apricots
zif31ky9bb;Dickens-Ortiz;Cornmeal,English Spinach,Apple Cider Vinegar,Chia Seeds,Nuts
xp3ase7y4n;Cremin Inc;Cream Cheese,Mahlab,Smoked Trout
zx4rib7szd;Kulas LLC;Tapioca Flour,Shark,Plums,Tinned,Silverbeet
fag33y4lmw;Cremin Inc;Dried Apricots,Shark,Butter,Salmon
xg9hmnomg7;Aufderhar, Mosciski and Smith;Cottage Cheese,Cream Cheese,Sunflower Oil,Redfish,Pear Juice
9lsq69mhi1;Kunze Inc;Curry Powder,Vegetable Oil,Chia Seeds,Salmon
zi0ct60jo8;Braun-Wunsch;Shark,Black Eyed Beans,Mahlab
l2x7hug6bn;Dare LLC;Black Eyed Beans,Shark,Achacha,Soymilk
wc1ua2c632;Dietrich Inc;Tinned,Black Eyed Beans,Flat Mushrooms,Red Cabbage
oz25vok193;Herman, Considine and Senger;Black Eyed Beans,Cinnamon,Silverbeet,Mastic
6hl7eptfbm;Aufderhar, Mosciski and Smith;Rye Bread,Fingerlime,Apricots,Cream Cheese
mw0klfkxly;Dickens-Ortiz;William Pear,Iceberg Lettuce,Pecan Nut,Wakame,Tamarillo
gsyu5zjbch;Kulas LLC;Flaxseed Oil,Cottage Cheese,Fingerlime
9qfqx3brxj;Medhurst, Streich and Schamberger;Extra Virgin Olive Oil,White Wine,Shark,Corn Oil,Coriander Leaves
atlvc2ho1x;Deckow-Kihn;Achacha,Kidneys,Vegetable Stock
86dyeplwry;Bruen-Jaskolski;Nuts,Canola Oil,Cardamom,Parsnip
ynvbcjyr7m;Skiles Group;Freekeh,Rose Water,Pork,Peas
dr8ait3e7b;Kutch, Ryan and Boyer;Pear Juice,Nuts,Bacon,Vegetable Stock,Camomile
rnyeexra0i;Deckow-Kihn;Rice Noodles,Tamarillo,William Pear,Pork,Tahini
uy2f7b9mop;Aufderhar, Mosciski and Smith;Omega Spread,Hokkien Noodles,Shark
hfod12u7s0;Lubowitz, Prohaska and Reilly;Chia Seeds,English Spinach,Saffron,Rye Bread
15sdkigh5a;Herman, Considine and Senger;Apple Cider Vinegar,Pecan Nut,Soy Beans,Wakame
9am4strgic;Feil LLC;Bacon,Vegetable Oil,Camomile,Loquats
2dgoy2fkxt;Dickens-Ortiz;Apples,Kidneys,Apple Cider Vinegar
iugxl5rocd;Leffler-Huel;Fingerlime,Kombu,Cream Cheese
reiz4zjk72;Aufderhar, Mosciski and Smith;Redfish,White Wine,Saffron,Fingerlime
b3dcp04w34;Hegmann Inc;Redfish,Tapioca Flour,Pear Juice
7lail3yie1;Nienow LLC;Nutritional Yeast,Vegetable Stock,Green Tea Noodles,Mastic
f0hw1xv90w;Murray LLC;Flat Mushrooms,Iceberg Lettuce,Baking Powder,Pork,Taleggio Cheese
rzooo776c1;Sporer Group;Flaxseed Oil,Shark,Parsnip,Redfish
z74jnq8krn;Hegmann Inc;Achacha,Cauliflower,Silverbeet,Fingerlime
9ycj7tga8h;Leannon, Cassin and Trantow;Elderberry,Salmon,Hokkien Noodles,Flat Mushrooms,Vegetable Oil
dzrgsb3ymn;Nienow LLC;Chia Seeds,Smoked Trout,Loquats,Tapioca Flour,Tahini
5cojwsynt6;Dickens-Ortiz;Bean Sprouts,White Wine,Hokkien Noodles
y2h44jqwiu;Berge-Parker;Flat Mushrooms,Cream Cheese,Silverbeet
269r0o5pgu;Botsford Inc;Berries,Rice Noodles,Camomile
ys1pd3ogw2;Hyatt Inc;Flaxseed Oil,Nuts,Omega Spread,Peas,Chives
idkj3m2uif;Leannon, Cassin and Trantow;Fingerlime,Curry Powder,Black Eyed Beans
g3fqsacc6b;Kutch, Ryan and Boyer;Apples,Baking Powder,Red Cabbage,Kombu,Turnips
fvxbxakux8;Herman, Considine and Senger;Kidneys,Soy Sauce,Taleggio Cheese,Rockmelon
wji991a7k0;Cremin Inc;Corn Oil,Apricots,Bonza,Omega Spread,Soymilk
j62d44ximp;Sipes, Schamberger and Stokes;Mastic,Vegetable Stock,Tamarillo,Smoked Trout,Elderberry
yv4wom4xb4;Becker, Considine and Koelpin;Sunflower Seeds,Green Tea Noodles,Camomile
1jdf26n4g5;Berge-Parker;White Wine,Bean Sprouts,Pecan Nut
bmt8u81sad;Dare LLC;Salmon,Green Tea Noodles,Cacao,Freekeh,Feta
yz406w0r4y;Nienow LLC;Salmon,Butter,White Wine
1bgmndpu7l;Hyatt Inc;Corn Oil,Soymilk,Tahini,Mastic,Plums
psj690a408;Becker, Considine and Koelpin;Chives,Elderberry,Tamarillo,Turnips,Omega Spread
jvi08iqc86;Lubowitz, Prohaska and Reilly;Tinned,Oatmeal,Feta,Warehou,Pecan Nut
qzqh63grlq;Quigley-Braun;Peas,Baking Powder,Ham
fszfw15sf6;Brown Group;Rockmelon,Kombu,Lychees
9hy6kmnc6e;Quigley-Braun;Cornmeal,Taleggio Cheese,Butter
zhyrdlo2c5;Dickens-Ortiz;Cauliflower,Lychees,Bonza,Cardamom
5lp85oways;Heidenreich-Hagenes;Bonza,Sunflower Oil,Strawberries
567f1n10qu;Pollich Inc;William Pear,Pecan Nut,Berries
qklch7mzjt;Gottlieb, Wolff and Bechtelar;William Pear,Flaxseed Oil,Cardamom,Apples,Ham
2s9fuq6w3e;Sipes, Schamberger and Stokes;Freekeh,Chives,Extra Virgin Olive Oil,Baking Powder
quvjvg2od1;Dickens-Ortiz;Ham,Rice Noodles,Green Tea Noodles
7nvsev5e79;Kerluke-Armstrong;Provolone,Parsnip,Cacao,Freekeh,Cauliflower
giknlh469v;Nienow LLC;Mastic,Cacao,Spinach,Cornmeal,Wakame
ycmqekpdiv;McCullough, Leannon and Nolan;Ham,Tarragon,Extra Virgin Olive Oil,Redfish
slp39zzmd8;Reilly-Ebert;Pecan Nut,Elderberry,Black Eyed Beans,Warehou
jrdlrsi52s;Skiles Group;Wakame,Smoked Trout,Tinned
ejmmbdje3f;Skiles Group;Tinned,Kidneys,Rice Noodles,Jasmine Rice
kt48otuk2h;Deckow-Kihn;Bacon,Nuts,Rockmelon,Ham,Bonza
sh53i8vxh0;Skiles Group;Achacha,Oatmeal,Pork,Dried Apricots
pdrl1l3ozq;Bruen-Jaskolski;Freekeh,Tamarillo,Feta,Apples
ygqpe0qmsk;Becker, Considine and Koelpin;Sunflower Oil,Achacha,Smoked Trout,Silverbeet,English Spinach
hadb54pagg;Deckow-Kihn;Tapioca Flour,Rockmelon,Shark
lf2xd30xmh;Deckow-Kihn;English Spinach,Peas,Extra Virgin Olive Oil
y2u0d8lwml;Quigley-Braun;Parsnip,Soymilk,Flat Mushrooms
bxkjlsu97t;Berge-Parker;Oatmeal,Loquats,Soy Beans,Hokkien Noodles,Tahini
l5kgmesham;Aufderhar, Mosciski and Smith;Rockmelon,Extra Virgin Olive Oil,Apples
02u4upaajx;Lockman-Wintheiser;Pecan Nut,Black Eyed Beans,Pork,Cauliflower
m42rpe1rgj;Dietrich Inc;Cornmeal,Cinnamon,Sunflower Oil,Apple Cider Vinegar
2e8h2egwgh;Blanda and Sons;Smoked Trout,Feta,Redfish,Wakame,Shark
cm2p69dm8j;Skiles Group;Rose Water,Mastic,Lychees
8d1zg230vc;Schaden LLC;Kidneys,Tinned,Cauliflower,Freekeh
wl5ss6rc9g;Dietrich Inc;Berries,Redfish,Sunflower Oil,Nuts,Mahlab
r78c7fofvd;Quigley-Braun;Lychees,Apple Cider Vinegar,Cornmeal
5vtzjz5sho;Berge-Parker;Apple Cider Vinegar,Ham,Nuts,Tarragon,Dried Apricots
ouakjllfbm;Sipes, Schamberger and Stokes;Spinach,Berries,Kidneys,Bean Sprouts
d3wk8fzk0g;Quigley-Braun;Berries,Cinnamon,Spinach,Chives
z43erp18iq;Dickens-Ortiz;Cinnamon,Salmon,White Wine
0ceccnxa2x;Gottlieb, Wolff and Bechtelar;Salmon,Camomile,Hokkien Noodles
otg1prfvpl;Dietrich Inc;Apricots,Chia Seeds,William Pear,Parsnip,Apples
f9tyzmfw6x;Hegmann Inc;Loquats,Turnips,Warehou,Soy Sauce
ft3vfql9u4;Gottlieb, Wolff and Bechtelar;Cinnamon,Green Tea Noodles,Sunflower Oil,Soymilk
kwufd32qf6;Lockman-Wintheiser;Butter,Oatmeal,Apple Cider Vinegar
dajb6jswpe;Schinner, Sauer and Powlowski;Rye Bread,Baking Powder,Apricots,Warehou,Silverbeet
mf70svuyk2;Reilly-Ebert;Spinach,Rice Flour,Lychees,Extra Virgin Olive Oil
675ss10s9p;Hyatt Inc;White Wine,Bacon,Tamarillo,Green Tea Noodles,Ham
utlz2nhdt1;Kulas LLC;Vegetable Oil,Apple Cider Vinegar,White Wine,Coriander Leaves
4qf3txp5k2;Rempel and Sons;Mastic,Vegetable Stock,Nutritional Yeast
13vuvth3e2;Braun-Wunsch;Vegetable Oil,Wakame,Rye Bread,Lychees,Bonza
6mhmzq38is;Breitenberg Group;Rice Noodles,Smoked Trout,Cinnamon,Tapioca Flour,Bonza
mjozy2rmrj;McCullough, Leannon and Nolan;Strawberries,Cauliflower,Spinach,Rye Bread,Camomile
5506zou250;Kerluke-Armstrong;Sunflower Oil,Rose Water,Lychees,Soy Sauce,Flat Mushrooms
eehl02zuph;Lubowitz, Prohaska and Reilly;Cinnamon,William Pear,Warehou,Vegetable Oil,Wakame
x6zev7h6d3;Pollich Inc;Strawberries,Canola Oil,Sunflower Oil,Smoked Trout,Turnips
mniaa3ojun;Kulas LLC;Jasmine Rice,Lychees,Silverbeet
yic5dcof0a;Gottlieb, Wolff and Bechtelar;Tinned,Silverbeet,Loquats,Strawberries
406v7tiv0l;Goldner LLC;Bonza,Cinnamon,Rice Noodles,Cauliflower,Redfish
jtw6vrs6xq;Brown Group;Soymilk,Cornmeal,Bacon,Fingerlime,Oatmeal
skgxq6vyn4;Hegmann Inc;Cacao,Apples,Dried Apricots
t70h1cqcp3;Schmeler-Renner;Red Cabbage,Achacha,Wakame,Bean Sprouts
il4p3z9516;Aufderhar, Mosciski and Smith;Mahlab,Iceberg Lettuce,Ham
9wqnijpe69;Leffler-Huel;Peas,Bean Sprouts,Redfish,Curry Powder
68dc67z18v;Botsford Inc;William Pear,Apples,Red Cabbage,Silverbeet,Vegetable Stock
7q5oqohd9u;Schinner, Sauer and Powlowski;Bonza,Omega Spread,Redfish
peftu3nnq9;Kutch, Ryan and Boyer;White Wine,Bonza,Dried Apricots,Lychees
dkiblooigt;Wolff-Cartwright;Cauliflower,Redfish,Cacao,Cottage Cheese,Salmon
veay9zcsgs;Lockman-Wintheiser;Silverbeet,Curry Powder,Plums,Tapioca Flour
017syzvh78;Hegmann Inc;Corn Oil,Beef,Sunflower Oil,Bean Sprouts,Soy Beans
p8ucp4mokv;Botsford Inc;Corn Oil,Silverbeet,Warehou,Pork
o9630dahim;Leffler-Huel;Soy Beans,Soymilk,Berries,Tamarillo,Rice Flour
bwee09i8ax;Dietrich Inc;Baking Powder,Cottage Cheese,Salmon
5ejs13759b;Reilly-Ebert;Baking Powder,Rockmelon,English Spinach
b19xmmjy91;Berge-Parker;Warehou,Soymilk,Sunflower Oil
yu1fg5jq24;Feil LLC;Tahini,Green Tea Noodles,Curry Powder,Baking Powder,Spinach
pbwt9xafjb;Brown Group;Bean Sprouts,Vegetable Oil,Shark,Tinned
up7y5wl7qu;Goldner LLC;Cream Cheese,Kombu,Silverbeet
evnfnslbrp;Aufderhar, Mosciski and Smith;Wakame,Nutritional Yeast,Fingerlime,Chia Seeds
obw5ziexwf;Schmitt-Reichert;Feta,Vegetable Oil,Chia Seeds,Rockmelon,Kidneys
ej6q7xdk1l;Pollich Inc;Taleggio Cheese,Mahlab,Nuts,Pear Juice,Flaxseed Oil
cgqnm6lhp8;Goldner LLC;Cinnamon,Chia Seeds,Tarragon,Provolone
y5cmidlfe3;Hyatt Inc;Tamarillo,Hokkien Noodles,Curry Powder
g5pmannyc2;Schaden LLC;Baking Powder,Curry Powder,Flat Mushrooms
yzpoiitkpv;Brown Group;Baking Powder,Hokkien Noodles,Soy Sauce
2beb24id1m;Sporer Group;Pork,Vegetable Oil,Baking Powder,Tarragon,Bean Sprouts
1oinh2kzxy;Berge-Parker;Rockmelon,Tahini,Flat Mushrooms,Soy Sauce,Taleggio Cheese
b2qnhz1tuj;Kunze Inc;English Spinach,Lychees,Beef,Warehou
xkqisaymkg;Kulas LLC;Vegetable Oil,Beef,Apple Cider Vinegar,Fingerlime,Taleggio Cheese
r687ldaitg;Dare LLC;Sunflower Seeds,Rice Flour,Curry Powder,Kidneys,Salmon
v0kyrw5ww2;Wolff-Cartwright;Shark,Corn Oil,Feta
7nx6hu0do8;Brown Group;Lychees,Camomile,Apricots,Coriander Leaves,Apples
iaf8wfugu2;Murray LLC;Pork,Curry Powder,Cacao,Rice Noodles,Pecan Nut
pglb9of77d;Gottlieb, Wolff and Bechtelar;Omega Spread,Cacao,Warehou
h7rcvy39qw;Leffler-Huel;Iceberg Lettuce,Provolone,Beef,Lychees
mdb9zomsyw;Lockman-Wintheiser;Oatmeal,Tarragon,Red Cabbage
0gi7b4hdu0;Leannon, Cassin and Trantow;Camomile,Canola Oil,English Spinach
4kctdtyuxx;Feil LLC;Saffron,Rockmelon,Bonza,Tamarillo
b2fwk53lsg;Heidenreich-Hagenes;Chia Seeds,Warehou,Achacha
rvbry2le87;Rempel and Sons;Cinnamon,Salmon,Cacao
pu2s4ijovq;Aufderhar, Mosciski and Smith;Bean Sprouts,Berries,Wakame,Red Cabbage,Vegetable Oil
c71j3bnfzz;Kutch, Ryan and Boyer;Pecan Nut,Bean Sprouts,Redfish
pr6f5p4ewo;Pollich Inc;Chives,Cornmeal,Flat Mushrooms
enk116ybq6;Becker, Considine and Koelpin;Salmon,Soymilk,Berries,Mahlab,Cream Cheese
wvzz3jf6js;Botsford Inc;Oatmeal,Peas,Rose Water,Camomile
gb03s6nh4s;Koelpin-Feeney;Cinnamon,Kombu,Loquats,Parsnip,Butter
4070e0vkkt;Reilly-Ebert;Peas,Dried Apricots,Kidneys
ye3sdf0au5;Sporer Group;Elderberry,Pecan Nut,Redfish,Plums,Butter
3875nj66ug;Kulas LLC;Berries,Fingerlime,Nutritional Yeast,Soy Sauce
n2ny78e8kd;Hyatt Inc;Warehou,Taleggio Cheese,Spinach,Provolone
9x6xya4h8g;Breitenberg Group;Nutritional Yeast,Fingerlime,Bonza
lxp38ls2f2;Schaden LLC;Loquats,Saffron,Rice Flour,Pecan Nut
qqwcieygml;Koelpin-Feeney;Cauliflower,Corn Oil,Baking Powder,Camomile
kqqd666pl2;Lindgren, Willms and MacGyver;Cornmeal,Baking Powder,Kidneys
uezcksmphs;Braun-Wunsch;Soy Beans,Strawberries,Canola Oil,Corn Oil,Cauliflower
hq57q99o7s;Wolff-Cartwright;Tarragon,Chia Seeds,Nuts,Tamarillo
1m4fhzfad8;Botsford Inc;Kombu,Achacha,Cornmeal,Turnips,Salmon
on8igqm2cu;Lockman-Wintheiser;Bean Sprouts,Tinned,Iceberg Lettuce
rqzo7s5gp2;Wolff-Cartwright;Mahlab,Cinnamon,Rockmelon,Baking Powder,Flat Mushrooms
6zfloth8w7;Sporer Group;Jasmine Rice,Rockmelon,Shark,Cauliflower,Apples
4w5h2tq80j;Hyatt Inc;Dried Apricots,Nuts,Vegetable Stock,Bonza
p9mpu2xbuf;Dare LLC;Rose Water,Jasmine Rice,Butter,Kombu,Silverbeet
ess1lrajng;Hyatt Inc;Oatmeal,Elderberry,Loquats,Jasmine Rice,Green Tea Noodles
5yd4xhw63c;Leffler-Huel;Cinnamon,Bacon,Pear Juice
mitw02r4fs;Bosco-Bayer;Shark,Beef,Sunflower Oil,Kidneys
4ttjq1jkvr;Braun-Wunsch;Chia Seeds,Cauliflower,Feta,Pear Juice,Flaxseed Oil
ls2uc4mcpu;Heidenreich-Hagenes;Turnips,Soy Beans,Cardamom,Wakame
phhirk6bpe;Herman, Considine and Senger;Cornmeal,Silverbeet,Plums,Vegetable Oil
4nmeovlt0q;Cremin Inc;Apples,Red Cabbage,Bean Sprouts,Dried Apricots
0pujzc4fhz;Gottlieb, Wolff and Bechtelar;Plums,Apples,Omega Spread,Rye Bread,Camomile
gxccnh8o5n;Lockman-Wintheiser;Rye Bread,Apricots,William Pear,Pear Juice
z8qrpf4c4q;Nienow LLC;Strawberries,Nutritional Yeast,Bean Sprouts,William Pear
bau9e1v73v;Bosco-Bayer;Apricots,Cottage Cheese,Parsnip,Bonza
usvac31txo;Leannon, Cassin and Trantow;Apples,Saffron,Peas,Achacha,Beef
0e6frh4gb1;Botsford Inc;Rice Noodles,Rice Flour,Apricots,Cacao,Kombu
ueq0e3hx6b;Skiles Group;Elderberry,Strawberries,Lychees,Parsnip
sf9fuqvt70;Reilly-Ebert;Pear Juice,Parsnip,English Spinach,Baking Powder,Tahini
geer86hvvl;Cremin Inc;Cornmeal,Iceberg Lettuce,Loquats
yjzkxdbfby;Dare LLC;Provolone,Soy Sauce,Wakame
6cyi929t1m;Schinner, Sauer and Powlowski;Saffron,Bacon,Kidneys,Sunflower Seeds
5s87chk8g2;Lindgren, Willms and MacGyver;Extra Virgin Olive Oil,Jasmine Rice,Berries
zt8ao5z1tr;Reilly-Ebert;Tarragon,Warehou,Achacha,Cream Cheese,Nuts
15mwrnhkvl;Hegmann Inc;Cardamom,Kombu,Fingerlime,Berries,Peas
ehpm8y8uto;Koelpin-Feeney;Jasmine Rice,Plums,Parsnip
afpa2h7b1f;Rempel and Sons;Soy Sauce,Feta,Pecan Nut
6xuqugxcmm;Aufderhar, Mosciski and Smith;Cream Cheese,Corn Oil,Tamarillo
tjly0zka8q;Braun-Wunsch;Tarragon,Berries,Freekeh,Tamarillo
lvbcmnubdt;Botsford Inc;Corn Oil,Sunflower Oil,William Pear,Rice Flour,Plums
1qwj5kevwn;Johnson, Watsica and Koch;Cacao,Soy Beans,Chives
xzf25dvbjq;Heidenreich-Hagenes;Extra Virgin Olive Oil,English Spinach,Soy Sauce,Rye Bread,Baking Powder
o9d76tj7py;Kutch, Ryan and Boyer;Parsnip,Peas,Chia Seeds,Taleggio Cheese,Bonza
56cx4bylw0;Schaden LLC;Bacon,Canola Oil,Nuts,Soymilk
dde77wq9tc;Schmeler-Renner;Cottage Cheese,Tarragon,Cornmeal
ljy4bljl7b;Schmitt-Reichert;Wakame,Bacon,Rockmelon
g29g3uy4t1;Schmitt-Reichert;Omega Spread,Rose Water,Parsnip
gyw08o7wmz;Schaden LLC;Nuts,Taleggio Cheese,Coriander Leaves
sjevykyxvu;Herman, Considine and Senger;Corn Oil,Black Eyed Beans,Rye Bread,Cardamom,Bacon
vyib3pbdev;Sipes, Schamberger and Stokes;Flaxseed Oil,Mastic,Tahini,Omega Spread
ke4c36j943;Sipes, Schamberger and Stokes;Red Cabbage,Kidneys,Saffron,Coriander Leaves,Nutritional Yeast
2d1hqlyj09;Dare LLC;Oatmeal,Cornmeal,Cottage Cheese,Beef
8t35m6u74p;Quigley-Braun;Curry Powder,Beef,Warehou,Silverbeet,Spinach
h2kjpdlr8b;Hyatt Inc;Turnips,Soy Beans,Sunflower Oil
h8c4qrips0;Heidenreich-Hagenes;Wakame,Tapioca Flour,Tahini
hxjyw40zza;Kunze Inc;Provolone,Feta,Camomile,Fingerlime
57a2431946;Feil LLC;Tinned,Apricots,Cinnamon,Black Eyed Beans,Coriander Leaves
isgyxa2s4v;Nienow LLC;Curry Powder,Fingerlime,Mastic
fb6c3ita6e;Blanda and Sons;Fingerlime,Green Tea Noodles,Silverbeet
c7gj2ob7gg;Lindgren, Willms and MacGyver;Wakame,Provolone,Smoked Trout,Beef
edxd9s2pwj;Lockman-Wintheiser;Rose Water,Berries,Cardamom
kafigd22lp;Cummings, O'Hara and Casper;English Spinach,Mastic,Tarragon
ppesm6jlxp;Hyatt Inc;Smoked Trout,Saffron,Achacha,Corn Oil,Bean Sprouts
ada12tlmn8;Johnson, Watsica and Koch;Plums,Warehou,Achacha,Cottage Cheese,Tinned
v9zun2ry58;Cremin Inc;Mahlab,Vegetable Stock,Curry Powder,Pear Juice
n5as5rf9u4;Koelpin-Feeney;Taleggio Cheese,Soy Beans,Sunflower Seeds
kyq3czzq1t;Dietrich Inc;Kombu,Vegetable Stock,Green Tea Noodles,Flaxseed Oil,Taleggio Cheese
eojh26lwgj;Leffler-Huel;Soy Beans,Flat Mushrooms,Warehou,Camomile,William Pear
umte6gk7fr;Pollich Inc;Flaxseed Oil,Freekeh,Vegetable Oil,Omega Spread
wt8revj8bi;Aufderhar, Mosciski and Smith;Cream Cheese,Dried Apricots,Silverbeet,Vegetable Stock,Fingerlime
78ud980brs;Medhurst, Streich and Schamberger;Tahini,Strawberries,Rye Bread
r8m131lkdb;Feil LLC;Mahlab,Tahini,Achacha,Baking Powder
8bzcf57txx;Goldner LLC;William Pear,Rose Water,Cacao,Sunflower Seeds,Peas
git1zlvxyf;Cummings, O'Hara and Casper;Camomile,White Wine,Vegetable Oil
hpvokbo7hj;Nienow LLC;Strawberries,Iceberg Lettuce,Mahlab
cpg2hgg4st;McCullough, Leannon and Nolan;Apples,Berries,Elderberry,Strawberries
3lgt9fghor;Hyatt Inc;Cottage Cheese,Cardamom,English Spinach,Black Eyed Beans
3zj0ght2ii;Rempel and Sons;Cauliflower,Berries,Bacon,Beef,White Wine
4cdvtfyigm;Botsford Inc;Red Cabbage,Pecan Nut,Cream Cheese
wwo7maknqu;Hyatt Inc;Curry Powder,Soy Beans,Cottage Cheese,Dried Apricots,Berries
9toetvtfib;Schinner, Sauer and Powlowski;Bonza,Chives,Mastic
3wmrplnw2e;Dickens-Ortiz;Salmon,Redfish,Rice Noodles
cqyafk5u4h;Lubowitz, Prohaska and Reilly;Soy Beans,Red Cabbage,Feta,Bonza,Black Eyed Beans
r59muqci8g;Wolff-Cartwright;Iceberg Lettuce,Pecan Nut,Achacha,Shark
sky2qrwjf3;Murray LLC;Smoked Trout,Rice Flour,Taleggio Cheese,Cornmeal
x9hxrsv4fp;Schmitt-Reichert;Rose Water,Red Cabbage,Tinned,Redfish,Coriander Leaves
d9y0ivv2yy;Medhurst, Streich and Schamberger;Tinned,Bacon,Dried Apricots,Rice Noodles,Baking Powder
s1t5zdoc1d;Cummings, O'Hara and Casper;Rose Water,Vegetable Stock,Kombu,Provolone
f2wz0vxylg;Feil LLC;Baking Powder,Tinned,Parsnip
tgfmos181o;Koelpin-Feeney;Nuts,Mastic,Nutritional Yeast,Vegetable Stock
o194scftiu;Botsford Inc;Kidneys,Cardamom,Black Eyed Beans,White Wine,Silverbeet
fhgm93qnvp;Feil LLC;Cornmeal,Silverbeet,Wakame,Cinnamon,Salmon
n7kl42pa5z;Pollich Inc;Nuts,Cacao,Achacha,Lychees,Wakame
r192am8vcf;Rempel and Sons;Turnips,Strawberries,Hokkien Noodles
v1jljudp9h;Leannon, Cassin and Trantow;Jasmine Rice,Dried Apricots,Pork,Curry Powder
naly01jyfd;Braun-Wunsch;Apples,Loquats,Nuts
1tbb1jwu4x;Nienow LLC;Chia Seeds,Nuts,Mahlab,Canola Oil,Butter
pqf093zsag;Reilly-Ebert;Apricots,Dried Apricots,Mahlab,Hokkien Noodles
swn1uwozyj;Pollich Inc;Soymilk,Parsnip,Cornmeal
241yyzf6jy;Herman, Considine and Senger;Bonza,Nuts,Strawberries
1yrjstt68s;Cremin Inc;English Spinach,Silverbeet,Achacha,Nuts,Green Tea Noodles
6mp5huzkg8;Schaden LLC;Berries,Rice Noodles,Silverbeet,Jasmine Rice
fsqyqq4ewh;Dietrich Inc;Salmon,English Spinach,Smoked Trout
7ht02g37nl;Lubowitz, Prohaska and Reilly;Turnips,Peas,Vegetable Oil
xgcer0k6dd;Breitenberg Group;Vegetable Oil,Apple Cider Vinegar,Strawberries
slzwd5bf43;Lockman-Wintheiser;Omega Spread,Mahlab,Dried Apricots,Pear Juice
iqhmk0h48r;Medhurst, Streich and Schamberger;Tarragon,Shark,Vegetable Stock,Rose Water,Wakame
nr3jmt7mjh;Wolff-Cartwright;Ham,Rice Noodles,Pork
qxy7c8ocg3;Bruen-Jaskolski;Rockmelon,Kombu,Tarragon,English Spinach,Cardamom
n4fn6ia5t0;Kutch, Ryan and Boyer;Apples,Corn Oil,Mahlab,Plums
55r6ihkru2;Schmitt-Reichert;Apples,Redfish,Iceberg Lettuce,Flaxseed Oil,Rice Noodles
4wlp7ms964;Reilly-Ebert;Warehou,Smoked Trout,Saffron
43n4ivpxrw;Braun-Wunsch;Salmon,Freekeh,Warehou
iwele76g3r;Reilly-Ebert;Saffron,Redfish,Jasmine Rice
mdyszt53th;Cremin Inc;Rockmelon,Berries,English Spinach
p4bca09p2n;Heidenreich-Hagenes;Mahlab,Hokkien Noodles,Berries
urjmuqynjv;Murray LLC;Flaxseed Oil,William Pear,Soymilk
1ejxm60i1t;Breitenberg Group;Fingerlime,Soymilk,Kombu
71wid5okjn;Brown Group;Rose Water,Turnips,Butter,Tamarillo
2r1uegwg9d;Kunze Inc;Apricots,Butter,Tahini
618qbskqwx;Pollich Inc;Apple Cider Vinegar,Flaxseed Oil,Flat Mushrooms,Bean Sprouts
4vacb7rxq4;Wolff-Cartwright;Fingerlime,Vegetable Stock,Pork,Red Cabbage,Nutritional Yeast
aap011fccq;Kulas LLC;Pork,Corn Oil,Soy Beans,Tinned
c3hjlx4uk9;Botsford Inc;Nuts,Vegetable Oil,Extra Virgin Olive Oil
gff8su5w0b;Berge-Parker;Beef,Taleggio Cheese,Tapioca Flour,Cornmeal
kom4e3u9x4;Deckow-Kihn;Canola Oil,Pecan Nut,Provolone
vxk9nt8n54;Lockman-Wintheiser;Green Tea Noodles,Cauliflower,Soy Sauce
sdkw3jwls3;Kutch, Ryan and Boyer;Vegetable Oil,Nuts,Sunflower Seeds,Tahini,Corn Oil
gvfbuvq8qt;Lockman-Wintheiser;Black Eyed Beans,Ham,Cinnamon,Rye Bread
80isgxj6uv;Medhurst, Streich and Schamberger;Baking Powder,Saffron,Camomile,Pecan Nut
lvzbrhxec7;Hegmann Inc;Oatmeal,Corn Oil,Curry Powder,Cacao,Apricots
nehbqlpt8r;Lindgren, Willms and MacGyver;Parsnip,Peas,Rice Noodles,Omega Spread
feorsitohx;Reilly-Ebert;Turnips,Cauliflower,Wakame
f4lf0pkgfu;Deckow-Kihn;Tarragon,Nutritional Yeast,Saffron
ewrscvrsjv;Becker, Considine and Koelpin;Chia Seeds,Taleggio Cheese,Bean Sprouts,Red Cabbage
aqzcxubx4d;Skiles Group;Red Cabbage,Oatmeal,Cream Cheese
z2vis9l1x5;Reilly-Ebert;Rockmelon,Tamarillo,Mastic,Cream Cheese
gofecputco;Cummings, O'Hara and Casper;Redfish,Chives,Tamarillo,Freekeh
svnzj1tkv2;Bosco-Bayer;Shark,Salmon,Pear Juice,Canola Oil,Rockmelon
3x5a6o8bc7;Skiles Group;Warehou,Redfish,Bonza,Taleggio Cheese
gt1n45rp3l;Becker, Considine and Koelpin;English Spinach,Mastic,Bean Sprouts,Rockmelon
0drnlwfvx3;Schmitt-Reichert;Butter,Shark,Flat Mushrooms
zqzyj0dvfr;Schaden LLC;Rose Water,English Spinach,Loquats,Oatmeal,Pear Juice
0ktrkda2h1;Bruen-Jaskolski;Omega Spread,Sunflower Seeds,Bacon
gv35iu9q37;Kerluke-Armstrong;Cottage Cheese,Camomile,Achacha
rr7iber4od;Cremin Inc;Vegetable Stock,Hokkien Noodles,Oatmeal,Apples
621zj408kt;Hyatt Inc;Shark,Dried Apricots,Rice Flour,Pork
9wjapcn8te;Schmitt-Reichert;Cottage Cheese,Bonza,Cream Cheese
yj7lihpk0a;Bruen-Jaskolski;Rice Noodles,Bonza,Camomile
nl0oqck4ii;Lockman-Wintheiser;Chives,Oatmeal,Shark
i1owhe122t;Breitenberg Group;Soymilk,Beef,Flat Mushrooms,Bonza
0h65416f8z;Leffler-Huel;Black Eyed Beans,Cardamom,Kombu,Berries
y5z8go4qnq;Braun-Wunsch;Cornmeal,Black Eyed Beans,Parsnip
j0122rh0dh;Dietrich Inc;William Pear,Black Eyed Beans,Vegetable Oil,Kidneys
atvdk89ta8;Dietrich Inc;Pear Juice,Cornmeal,Smoked Trout,White Wine,Iceberg Lettuce
jmm61wqokz;Leffler-Huel;Corn Oil,Bean Sprouts,Tarragon,Redfish,Saffron
e60399mfzn;Brown Group;Feta,Apricots,Silverbeet,Rice Flour
jse962pu8z;Kutch, Ryan and Boyer;Black Eyed Beans,Fingerlime,Cinnamon,Turnips,Achacha
8yvt4x4vpc;Lindgren, Willms and MacGyver;Kidneys,Warehou,Hokkien Noodles
jcv52cq9u3;Berge-Parker;Pear Juice,Apple Cider Vinegar,Cauliflower,Tarragon
vil1aj2phx;Leffler-Huel;Mastic,Pear Juice,William Pear,Tinned
wbx1ebiwo0;Hegmann Inc;Spinach,Butter,Flaxseed Oil
ngdfiu0lrv;Murray LLC;Red Cabbage,Oatmeal,Pear Juice,Cinnamon,Flat Mushrooms
kgccrnmduj;Murray LLC;English Spinach,Chives,Camomile,Rice Flour
4dlsgmbplj;Nienow LLC;Green Tea Noodles,Corn Oil,Nutritional Yeast
c6tbhi8zmt;Bosco-Bayer;Kidneys,Baking Powder,Rockmelon,Kombu,William Pear
zs94w8d7r3;Murray LLC;Shark,Camomile,Ham
u937pu4jms;Blanda and Sons;Warehou,Bonza,Tinned,Chia Seeds
3lxtdntdf4;Herman, Considine and Senger;Cacao,Baking Powder,Sunflower Seeds,Corn Oil
f1lzq0v9r9;Hyatt Inc;Rockmelon,Elderberry,Kombu
c99yqgcdaw;Lockman-Wintheiser;Tapioca Flour,Dried Apricots,Elderberry,English Spinach
hr1yawi9pa;Gottlieb, Wolff and Bechtelar;Silverbeet,Butter,Lychees
867otrpdkc;Lockman-Wintheiser;Rye Bread,Smoked Trout,Cream Cheese
pusjmu4df8;Becker, Considine and Koelpin;Soymilk,Apricots,Strawberries
twrg67u4hx;Hyatt Inc;Tahini,Bean Sprouts,Pork,Loquats,Pecan Nut
mwfkbkvplr;Gottlieb, Wolff and Bechtelar;Pear Juice,Chia Seeds,Redfish,Soymilk,Bonza
0e73e22024;McCullough, Leannon and Nolan;Saffron,Ham,Curry Powder
j8swzc0wlk;Kulas LLC;Dried Apricots,Red Cabbage,Freekeh,Camomile,Wakame
kg9l0sgjra;Heidenreich-Hagenes;Elderberry,Smoked Trout,Bacon,Kombu,Vegetable Stock
qo7bhxksrk;Lubowitz, Prohaska and Reilly;Smoked Trout,Apricots,Plums,Nutritional Yeast,Sunflower Seeds
plbxn75yc1;Hegmann Inc;Provolone,Taleggio Cheese,Soy Sauce
nptxl3xx5c;Dietrich Inc;Soymilk,Plums,Achacha,Omega Spread,Silverbeet
ia19ysypdr;Cummings, O'Hara and Casper;Baking Powder,Cornmeal,Nutritional Yeast,Rye Bread,Tapioca Flour
lztxsonyky;Quigley-Braun;Butter,William Pear,Soy Beans,English Spinach
uvsqnxb5eg;Aufderhar, Mosciski and Smith;Mastic,Saffron,Tapioca Flour
u4syl5jq9u;Cremin Inc;Elderberry,Fingerlime,William Pear
1gv9280zg7;Goldner LLC;Nutritional Yeast,Beef,Plums,Provolone
vxasoi7szs;Deckow-Kihn;Feta,Saffron,Apples,Tinned
949ny6qe4a;Leannon, Cassin and Trantow;Extra Virgin Olive Oil,Camomile,Soymilk,Mastic,Taleggio Cheese
t2mt9xx5bs;Brown Group;Cream Cheese,Taleggio Cheese,Cardamom
f30jnpu7d3;Hyatt Inc;Pecan Nut,Salmon,White Wine
t4j64yfx0n;Dickens-Ortiz;Camomile,Pork,Tapioca Flour
b6c7rbo0cm;Feil LLC;Apricots,Vegetable Stock,Black Eyed Beans
fybvwb1om8;Schaden LLC;Black Eyed Beans,Cauliflower,Nuts,Tinned,Red Cabbage
hm47m8yhic;Kulas LLC;Wakame,Oatmeal,Beef
edmz41y4jb;Kerluke-Armstrong;Apples,Parsnip,Provolone,Plums
j9fwh1d6xs;Blanda and Sons;Green Tea Noodles,Camomile,Iceberg Lettuce,Corn Oil
a8n9uf95rf;Lubowitz, Prohaska and Reilly;Nuts,Rice Flour,Tarragon,Apricots,Green Tea Noodles
mideg8aljj;Nienow LLC;English Spinach,Black Eyed Beans,Tarragon,Rye Bread,Butter
14dioz7s8w;Medhurst, Streich and Schamberger;Tinned,Cinnamon,Flat Mushrooms
4alui20s2t;Kulas LLC;Tarragon,Iceberg Lettuce,Plums,Apples,Vegetable Stock
x1xqzb98i8;Botsford Inc;Freekeh,English Spinach,Green Tea Noodles
o5boa0u78k;Leffler-Huel;Rye Bread,Apples,Taleggio Cheese
5fyc0g97ie;Becker, Considine and Koelpin;Camomile,Kidneys,Tapioca Flour,Apricots,William Pear
m1pkb3x9i5;Goldner LLC;Cottage Cheese,Bonza,Chia Seeds,Camomile
ya8dlzpz5o;Cremin Inc;Spinach,Camomile,Red Cabbage
utehs0wqkq;Murray LLC;Rye Bread,Lychees,Peas
tox3wthbb0;Dietrich Inc;Pecan Nut,Soy Sauce,Chia Seeds,Ham
yzp5ts8n0y;Goldner LLC;Loquats,Pear Juice,Spinach,Green Tea Noodles,Soy Sauce
2g6mu7871g;Schmeler-Renner;Vegetable Stock,Cottage Cheese,Cornmeal,Curry Powder,Saffron
digklq4ioe;Bruen-Jaskolski;Tapioca Flour,Oatmeal,Chia Seeds
jboirqdxbx;Breitenberg Group;Camomile,Tinned,Loquats,Chives
dz6kwual6s;Nienow LLC;Canola Oil,Rye Bread,Bean Sprouts,Feta
su500tc5br;Kutch, Ryan and Boyer;Nuts,Iceberg Lettuce,Coriander Leaves
8qyicfmocp;Sipes, Schamberger and Stokes;Freekeh,Soymilk,Coriander Leaves,Curry Powder,Fingerlime
ttfffuotyt;Nienow LLC;Oatmeal,Omega Spread,Elderberry,Smoked Trout
kffzthd803;Feil LLC;Tahini,Dried Apricots,Pecan Nut
0d5aypetcr;Hegmann Inc;Chia Seeds,Salmon,Cacao
a4h8xl276e;Schinner, Sauer and Powlowski;Rice Flour,Extra Virgin Olive Oil,Oatmeal
1h59qazb7s;Aufderhar, Mosciski and Smith;Beef,Mastic,Salmon,Bean Sprouts
p3ypxwfpx5;Kerluke-Armstrong;Silverbeet,Cornmeal,Wakame,Black Eyed Beans,Sunflower Oil
1z5v8ar0ru;Murray LLC;English Spinach,Soymilk,Soy Beans,Tapioca Flour,Omega Spread
50iizuqylo;Cummings, O'Hara and Casper;Red Cabbage,Tapioca Flour,Cottage Cheese,Turnips
6ijulgrysc;Pollich Inc;Coriander Leaves,Black Eyed Beans,Oatmeal,Fingerlime
dxs9l50tht;Rempel and Sons;Rice Noodles,Apple Cider Vinegar,Omega Spread,Parsnip,White Wine
husguzjfn7;Leannon, Cassin and Trantow;Provolone,Omega Spread,Freekeh,Tinned,Apples
n7jzygq2qs;Medhurst, Streich and Schamberger;Butter,Tinned,Freekeh
sz7t2ot812;Lubowitz, Prohaska and Reilly;Fingerlime,Omega Spread,Pecan Nut,Vegetable Stock,Turnips
qn572quux6;Bruen-Jaskolski;Flat Mushrooms,Flaxseed Oil,Cream Cheese,Fingerlime,Green Tea Noodles
9llf1cmyad;Kutch, Ryan and Boyer;Berries,Cinnamon,Bacon,Pear Juice,Oatmeal
4gxn04cdae;Blanda and Sons;Parsnip,English Spinach,Soymilk,Apples
y5yecz08f9;Aufderhar, Mosciski and Smith;Coriander Leaves,Tahini,Elderberry,Cacao
m8mgt1yljk;Sporer Group;Tamarillo,Apricots,Oatmeal,Bean Sprouts,Feta
egrdcb7txi;Blanda and Sons;Corn Oil,Rice Noodles,Ham,Feta
70xtl6yw5v;Bosco-Bayer;Butter,Chives,Extra Virgin Olive Oil,Spinach,Tarragon
3xdjnbofm7;Breitenberg Group;Kidneys,Dried Apricots,Chia Seeds,Freekeh,Nuts
ofm5hjnfh2;Becker, Considine and Koelpin;Cacao,Hokkien Noodles,Canola Oil,Rice Noodles
i19winc7t6;Schaden LLC;Rose Water,Elderberry,Pork,Vegetable Stock
h8fhcntepy;Dickens-Ortiz;Chives,Loquats,Elderberry,Strawberries,Wakame
b6o8rfgz3m;Brown Group;Warehou,Cardamom,Spinach,Soy Beans,Fingerlime
c6m7ps9vu7;Becker, Considine and Koelpin;Extra Virgin Olive Oil,Bean Sprouts,Red Cabbage,Berries
vvuzwx1tlu;Wolff-Cartwright;Kidneys,William Pear,Chia Seeds,Green Tea Noodles
lilppq55p2;Heidenreich-Hagenes;Spinach,Fingerlime,Dried Apricots,Saffron,Taleggio Cheese
diiwrtdi8t;Deckow-Kihn;Green Tea Noodles,Jasmine Rice,Strawberries
oy57i0ds4k;Bruen-Jaskolski;Sunflower Oil,Taleggio Cheese,Curry Powder
6j91xt1w67;Becker, Considine and Koelpin;English Spinach,Taleggio Cheese,Smoked Trout,Tamarillo,Plums
ztoowp7smi;Skiles Group;Dried Apricots,Elderberry,Freekeh,Soy Sauce,Nutritional Yeast
kb3w9jqt71;Reilly-Ebert;Fingerlime,Chia Seeds,Rice Noodles,Redfish
doqqb26bbv;Hegmann Inc;Rice Noodles,Berries,Rockmelon,Cornmeal
uvks3bh2vt;Blanda and Sons;Nutritional Yeast,Rockmelon,Jasmine Rice
ie3fgqilww;Goldner LLC;Cauliflower,Rice Noodles,Turnips,Sunflower Seeds
t4clfoxw8u;Rempel and Sons;Bean Sprouts,Salmon,Iceberg Lettuce
idgohfwnzd;Brown Group;Rye Bread,Elderberry,Rose Water
ysf00pdb26;Kerluke-Armstrong;Canola Oil,Tahini,Butter,Provolone
dno1tb9det;Skiles Group;Cornmeal,Fingerlime,Flat Mushrooms,Chives
dquq5hpq1v;Medhurst, Streich and Schamberger;Silverbeet,Turnips,Pecan Nut
lgfiwxjrcl;Aufderhar, Mosciski and Smith;Baking Powder,Redfish,Salmon,Ham
uordy68ekc;Johnson, Watsica and Koch;Hokkien Noodles,Canola Oil,Apricots,Redfish,Pork
dme79ytty4;Leffler-Huel;Bacon,Tahini,Soymilk,Kidneys
qwuus7f7nd;Quigley-Braun;Warehou,Beef,Freekeh,Berries
7wkxh9bi8f;Kunze Inc;Camomile,Baking Powder,Feta,Bean Sprouts
xw0lpdryg5;Dietrich Inc;Rice Flour,Loquats,Baking Powder,Bacon,Tamarillo
7ynxth4blm;Skiles Group;Saffron,Rye Bread,Kidneys,Flaxseed Oil
88qsh2cou4;Heidenreich-Hagenes;Cacao,Plums,Cornmeal,Tahini
2i5x9bsnlh;Skiles Group;Saffron,Soymilk,Lychees
njo0enx8fc;Kutch, Ryan and Boyer;Extra Virgin Olive Oil,Nuts,Tamarillo
owjb1jmvjf;Leannon, Cassin and Trantow;Silverbeet,Butter,Omega Spread
eawj6dtytj;Wolff-Cartwright;Shark,Cauliflower,Rice Noodles,Lychees,Vegetable Stock
0jk8r9dghc;Blanda and Sons;Smoked Trout,Jasmine Rice,Iceberg Lettuce,Parsnip,Kidneys
w8oga60zks;Berge-Parker;Bonza,Rice Flour,Salmon
x8ul3zh6zu;Breitenberg Group;Nutritional Yeast,Kidneys,Shark,Ham
4d6j9b000o;Leffler-Huel;Tahini,Camomile,Rockmelon,Provolone
npyb3gdjr5;Skiles Group;Pecan Nut,Rye Bread,Apricots,Mahlab,Corn Oil
rehtlg0w94;Bosco-Bayer;Butter,Rockmelon,Tinned,Extra Virgin Olive Oil,Tapioca Flour
8ojnifv6sz;Kutch, Ryan and Boyer;Soymilk,Apples,Pecan Nut,Jasmine Rice
tq7r3ujytx;Dare LLC;Nuts,Tinned,Turnips,Corn Oil
b6bhk0ieiq;Wolff-Cartwright;Tamarillo,Black Eyed Beans,Parsnip,Vegetable Oil
wbenur103v;McCullough, Leannon and Nolan;Apricots,Butter,Tarragon,Mahlab
7lbth195dj;Bruen-Jaskolski;Elderberry,Canola Oil,Sunflower Oil
j18e542r0v;Herman, Considine and Senger;Iceberg Lettuce,Baking Powder,Soy Beans
dml5oqzcwf;Leannon, Cassin and Trantow;Tapioca Flour,Provolone,Coriander Leaves,Omega Spread
w4yrfwwauj;Botsford Inc;Fingerlime,Pork,Apples
vpydo0uxev;Pollich Inc;Pork,Apple Cider Vinegar,Vegetable Stock
akzgf2v2js;Leffler-Huel;Rockmelon,Tinned,Plums
2ykru4fb49;Dickens-Ortiz;Berries,Lychees,Redfish,Provolone
2kq72ryb7j;Hyatt Inc;Flaxseed Oil,Strawberries,Freekeh,Kombu,Cinnamon
emrtjlkk8r;Kerluke-Armstrong;Tarragon,Fingerlime,Peas,Baking Powder,Achacha
scm3dzt8kn;Rempel and Sons;Bonza,Butter,Redfish,Red Cabbage
80ajgisuem;Cremin Inc;Cinnamon,Rockmelon,Achacha
2wgg3xwpmv;Murray LLC;Rice Flour,Tarragon,Apricots,Soy Sauce,Loquats
xefo58l5pv;Reilly-Ebert;Fingerlime,Loquats,Taleggio Cheese
8o2mqiowtf;Kulas LLC;Achacha,Iceberg Lettuce,Nutritional Yeast,Apples
4y7drtpx2j;Schaden LLC;Redfish,Turnips,Cardamom
3mty6o5kz1;Lindgren, Willms and MacGyver;Cream Cheese,Rye Bread,Vegetable Oil,Oatmeal,Corn Oil
c77gevn0qv;Goldner LLC;Vegetable Stock,Lychees,Freekeh
iabswiq5rg;Dare LLC;Rye Bread,Warehou,Coriander Leaves
j5du20ysba;Berge-Parker;Rye Bread,Shark,Beef,Cinnamon
wnoti662xg;Bosco-Bayer;Soy Beans,Berries,Soymilk,Rice Noodles,Redfish
fgtyrpn89p;Sipes, Schamberger and Stokes;Parsnip,Shark,Rose Water,Butter,Pear Juice
qcf76y43qa;Berge-Parker;Cacao,Loquats,Corn Oil,Cardamom
9dwjtf8cv6;Wolff-Cartwright;Apricots,Dried Apricots,Sunflower Oil
ef36snstpt;Gottlieb, Wolff and Bechtelar;Red Cabbage,Flaxseed Oil,Cacao,Canola Oil
qpknxiso7q;Kerluke-Armstrong;Chives,English Spinach,Tinned
01m8ntqfof;Aufderhar, Mosciski and Smith;Provolone,Cauliflower,Curry Powder,Tarragon,Berries
6o7dh63g1i;Lockman-Wintheiser;Cornmeal,Dried Apricots,Tapioca Flour,Omega Spread,Berries
swfmss4pjy;Koelpin-Feeney;Nutritional Yeast,Taleggio Cheese,Nuts,Black Eyed Beans
47h1dolwpc;Gottlieb, Wolff and Bechtelar;Soy Sauce,Omega Spread,Cornmeal,Apple Cider Vinegar
bkfxoc0aqv;Hyatt Inc;Extra Virgin Olive Oil,Berries,Pork,Provolone
desfh70oo9;Becker, Considine and Koelpin;Apricots,Beef,Omega Spread
hz5oe5l557;Blanda and Sons;Chia Seeds,Turnips,Pecan Nut,Cornmeal,Pork
kk3kue7zsv;Hyatt Inc;Butter,Vegetable Oil,Plums,Nuts
1zmyyi4aya;Murray LLC;Chia Seeds,Cacao,Shark,Nutritional Yeast,Rye Bread
v62jblz0fh;Becker, Considine and Koelpin;Omega Spread,Loquats,Green Tea Noodles
2hrqlph08w;Rempel and Sons;Salmon,Cinnamon,Tinned,Elderberry
isvaenxlhd;Pollich Inc;Sunflower Seeds,White Wine,Soymilk
m7e9j6y1wo;Schinner, Sauer and Powlowski;Vegetable Stock,Dried Apricots,Soy Beans,Feta
2ktveopf86;Lockman-Wintheiser;Turnips,Wakame,Butter,Hokkien Noodles,Cardamom
cv4a7n6doe;Goldner LLC;Cream Cheese,Rose Water,Achacha,William Pear,Oatmeal
xq0ezohmyp;Dare LLC;Silverbeet,Elderberry,Jasmine Rice
qqu842f3vq;Koelpin-Feeney;Rockmelon,Cacao,Spinach,Soy Beans
6e8ccog63x;Kulas LLC;English Spinach,Smoked Trout,Flaxseed Oil,Omega Spread,Turnips
g329px9qvn;Lockman-Wintheiser;Achacha,Flaxseed Oil,Coriander Leaves,Chives,William Pear
w1on8ybnmx;Sporer Group;Tarragon,Rice Noodles,Parsnip
it9pntcgn4;Kutch, Ryan and Boyer;Nutritional Yeast,Freekeh,Red Cabbage,Oatmeal
pw7gg2rzn6;Skiles Group;Iceberg Lettuce,Achacha,Berries,Freekeh,Cream Cheese
8rxws3vzu0;Kerluke-Armstrong;Oatmeal,Vegetable Oil,Pecan Nut,Tahini,Green Tea Noodles
uwv74n6bd8;Kerluke-Armstrong;Green Tea Noodles,Canola Oil,Pear Juice,Warehou
qfl8ot0gsn;Schmeler-Renner;Sunflower Oil,Chia Seeds,Green Tea Noodles,Rockmelon,Apple Cider Vinegar
t68lcltdxd;Lockman-Wintheiser;Green Tea Noodles,Elderberry,Jasmine Rice,Tapioca Flour,Camomile
hkrtckdyiq;Lockman-Wintheiser;Cardamom,Black Eyed Beans,Pork
d1emcvioke;Bosco-Bayer;Tinned,Freekeh,Cream Cheese,Omega Spread
043j4ic1ul;Dickens-Ortiz;Apple Cider Vinegar,Plums,English Spinach,Chives,White Wine
qbkyb96nwj;Schmitt-Reichert;Bean Sprouts,Cacao,Nutritional Yeast,Canola Oil,Warehou
uawwnar9n7;Herman, Considine and Senger;Extra Virgin Olive Oil,Saffron,Bacon,Butter,Wakame
7lz9c7jtsi;Heidenreich-Hagenes;Elderberry,Turnips,Vegetable Oil
stikhdzpat;Herman, Considine and Senger;Pork,Coriander Leaves,Green Tea Noodles,Cacao,Cauliflower
j8rzoeuyw4;Becker, Considine and Koelpin;Salmon,Peas,Wakame
loskmfk2xo;Goldner LLC;Bonza,Peas,Flaxseed Oil
wq9udmyohx;Dare LLC;Berries,Turnips,Smoked Trout,Parsnip,Apples
htdiq9ir0r;Schinner, Sauer and Powlowski;Tarragon,Silverbeet,Bonza,Cacao,Canola Oil
4ssg0heqch;Kerluke-Armstrong;Kombu,Pear Juice,Achacha,Dried Apricots,Fingerlime
9obxlnpdi3;Braun-Wunsch;Nuts,Pecan Nut,Soy Sauce,Pear Juice
4ihyp5ejis;Johnson, Watsica and Koch;Tarragon,Chives,Parsnip,Dried Apricots,Kombu
hmsnvjswul;Leffler-Huel;Redfish,Rose Water,Cauliflower
hrjc0i111s;Dare LLC;Kombu,Tapioca Flour,Extra Virgin Olive Oil,Bacon
7ypwx8hwgd;Sipes, Schamberger and Stokes;Vegetable Oil,Bonza,Pork
69dwdwfz7k;Murray LLC;Plums,Iceberg Lettuce,Extra Virgin Olive Oil,Vegetable Stock
a5fiwx4z41;Lubowitz, Prohaska and Reilly;English Spinach,Cardamom,Pork
16a1acrycy;Hyatt Inc;Taleggio Cheese,Butter,Silverbeet,Camomile,William Pear
tiwitbjc81;Sipes, Schamberger and Stokes;Bacon,Shark,Cinnamon
bn4sfkbs7z;Kunze Inc;English Spinach,Chia Seeds,Mahlab,Feta,Spinach
2dqct6kz8h;Sipes, Schamberger and Stokes;Saffron,Rockmelon,Bonza
g05cgwl53x;Cremin Inc;Vegetable Stock,Feta,Rice Noodles
ssk17byk71;Heidenreich-Hagenes;Tahini,Cottage Cheese,Peas,Salmon,William Pear
j1ypr6ta11;Rempel and Sons;Salmon,Provolone,White Wine
7j0kqzdtjm;Pollich Inc;Iceberg Lettuce,Vegetable Oil,Saffron,Peas
9eh2be2wr4;Braun-Wunsch;Vegetable Oil,Silverbeet,Mahlab,Oatmeal,Pork
5ttci0zs0w;Botsford Inc;Wakame,William Pear,Curry Powder,Nuts
vg8l1mberd;Leannon, Cassin and Trantow;Chives,Fingerlime,Soy Beans
w64zgemxlb;Botsford Inc;Tapioca Flour,Salmon,Achacha
y19hz9aren;Berge-Parker;White Wine,Chia Seeds,Saffron
9p8hcfj4bo;Schaden LLC;Sunflower Oil,Achacha,Iceberg Lettuce,Curry Powder
u2tmsyr4y1;Braun-Wunsch;Nutritional Yeast,Warehou,Black Eyed Beans
bac8x72up3;Berge-Parker;Apples,Oatmeal,Red Cabbage,Black Eyed Beans
evf7fd7jkc;Rempel and Sons;Camomile,Strawberries,Ham
k2zf85gdqh;Koelpin-Feeney;Hokkien Noodles,Nuts,Elderberry
samf9yxx13;Herman, Considine and Senger;Bacon,Curry Powder,Loquats,Dried Apricots
398ad8ztb6;Brown Group;Ham,Apples,Feta,Curry Powder,Rye Bread
n6lov3gilt;Kulas LLC;Red Cabbage,Bean Sprouts,Cornmeal,Plums,Flaxseed Oil
xye2wiv8xy;Kunze Inc;Saffron,Spinach,Apple Cider Vinegar,Vegetable Stock,Nuts
qodx2h9m4m;Leannon, Cassin and Trantow;Pear Juice,Spinach,Achacha
ck3s7abo8w;Bosco-Bayer;Hokkien Noodles,Ham,English Spinach,Parsnip
w9gtojigsb;Blanda and Sons;Fingerlime,Cauliflower,Achacha,Plums,William Pear
dma5dv416q;Hyatt Inc;Saffron,Tapioca Flour,Pear Juice,Cardamom,Cinnamon
0qjdou94qs;Kunze Inc;Flaxseed Oil,Mahlab,Lychees,Strawberries,Cardamom
rozvvjuyis;Leffler-Huel;Cottage Cheese,Saffron,Elderberry,Achacha
bbcsb4e2th;Schinner, Sauer and Powlowski;Mahlab,Tahini,Strawberries,Oatmeal,Tamarillo
qiyj8x6ko4;Kerluke-Armstrong;Jasmine Rice,Bonza,Saffron,Salmon,Peas
0jjqyk2opd;Botsford Inc;Jasmine Rice,Vegetable Oil,Nutritional Yeast
pmwp6u63id;Kerluke-Armstrong;Freekeh,Cauliflower,Nuts
bbdwfme7jy;Kerluke-Armstrong;English Spinach,Berries,Sunflower Oil,Dried Apricots
kbno2hd2rn;Sipes, Schamberger and Stokes;Fingerlime,Jasmine Rice,Iceberg Lettuce,Corn Oil,Rose Water
uihuyh0z9c;Aufderhar, Mosciski and Smith;Flaxseed Oil,Jasmine Rice,Tamarillo,Turnips,Canola Oil
10233u3skd;Pollich Inc;Chives,Salmon,Pear Juice,Red Cabbage,Spinach
egxiu2uoh8;Leffler-Huel;Bonza,Cottage Cheese,English Spinach
2b4r7bq6je;Kerluke-Armstrong;Rice Flour,Silverbeet,Rye Bread,Corn Oil,Ham
6xut2wpfcn;Schmeler-Renner;Curry Powder,Sunflower Oil,White Wine
ojq13dqko2;Hegmann Inc;Soy Beans,Plums,Tahini,Tamarillo,Rice Noodles
r43xs79wfj;Reilly-Ebert;Bonza,Vegetable Oil,Saffron
3bisa4c7vn;Skiles Group;Bacon,Provolone,Canola Oil,Cottage Cheese,Beef
22x4mchhk3;Schmeler-Renner;Bean Sprouts,Redfish,Shark,Apples,Soymilk
98oz2ey9og;Leannon, Cassin and Trantow;Bean Sprouts,Baking Powder,William Pear,Bonza
wde5e1p1dz;Kunze Inc;Kombu,Apples,Fingerlime
ogw36oqx0o;Breitenberg Group;Jasmine Rice,Taleggio Cheese,Baking Powder,Apple Cider Vinegar,Bean Sprouts
kmromppvo8;Botsford Inc;Mahlab,Saffron,Pecan Nut,Bonza,Rice Flour
xn5wy8oyv0;Schmeler-Renner;Soy Sauce,Turnips,Chives
a6epf69yhf;Bruen-Jaskolski;Tamarillo,Plums,Soymilk
0cdpnia8s2;Lockman-Wintheiser;Tapioca Flour,Soymilk,Plums
ongt564kdm;Blanda and Sons;Peas,Salmon,Ham,Chives
3zde09qd0x;Leffler-Huel;Apples,Chia Seeds,Butter,Tahini
54zz6dnivt;Braun-Wunsch;Strawberries,Nutritional Yeast,Smoked Trout,Tinned,Lychees
638e11zxz3;McCullough, Leannon and Nolan;Mahlab,Plums,Black Eyed Beans,Sunflower Oil
68xysnbb28;Rempel and Sons;Cardamom,Vegetable Oil,Jasmine Rice
jma86wzgwb;Feil LLC;Plums,Achacha,Tapioca Flour,Tamarillo
03qlk1br32;Lockman-Wintheiser;Vegetable Oil,Pear Juice,Spinach
mgdlsr868l;Cremin Inc;Rye Bread,Soymilk,Green Tea Noodles,Corn Oil
ae3l7axhu6;Quigley-Braun;Green Tea Noodles,Loquats,Corn Oil,Cornmeal
bxs6kqa3iv;Schinner, Sauer and Powlowski;Loquats,Fingerlime,Iceberg Lettuce
micybp5ixs;Brown Group;Canola Oil,Sunflower Oil,Rice Noodles
xouyxll7gx;Feil LLC;Fingerlime,Kombu,Tarragon,Apple Cider Vinegar,Black Eyed Beans
y6nyzsx6ef;Deckow-Kihn;Sunflower Oil,Omega Spread,Plums,Baking Powder
a0epcgb8nc;Pollich Inc;Sunflower Seeds,Beef,Provolone
yclj3y0mfd;Schaden LLC;Turnips,Mastic,Sunflower Seeds,Plums,Iceberg Lettuce
36v86zdjnz;Lockman-Wintheiser;Soymilk,Freekeh,Chia Seeds,Iceberg Lettuce,Tarragon
rc9cnajwet;Kerluke-Armstrong;Coriander Leaves,Provolone,Cardamom,Camomile,Tinned
6ysvpp0fhv;McCullough, Leannon and Nolan;Flat Mushrooms,Extra Virgin Olive Oil,Rice Noodles,Corn Oil
gqbarr6jp9;Berge-Parker;Plums,Shark,Achacha,Elderberry
vgsxe1rzi5;Schinner, Sauer and Powlowski;Green Tea Noodles,Apple Cider Vinegar,Tapioca Flour,Hokkien Noodles,Tahini
ahx1rwqjai;Kutch, Ryan and Boyer;Turnips,Mastic,Salmon
kcimnv3snl;Aufderhar, Mosciski and Smith;Omega Spread,Rice Noodles,Soymilk,Silverbeet
mj65jcq6f3;Koelpin-Feeney;Taleggio Cheese,Cauliflower,Dried Apricots
z41854d4o2;Deckow-Kihn;Red Cabbage,Beef,Peas,Cacao,Corn Oil
xbj7gvbih4;Sipes, Schamberger and Stokes;Mastic,Bonza,Spinach
qbg7r4fpet;Wolff-Cartwright;Strawberries,Butter,Black Eyed Beans,Chia Seeds,Saffron
l7t1v339d2;Kutch, Ryan and Boyer;Curry Powder,Nuts,Rockmelon,Wakame,Plums
7wmnqf6yvs;Leffler-Huel;Hokkien Noodles,Taleggio Cheese,Redfish,Beef,Black Eyed Beans
8r9fodtyqc;Rempel and Sons;Redfish,Tapioca Flour,Kombu,Ham
2li46gdc8k;Gottlieb, Wolff and Bechtelar;Chives,Mahlab,Tarragon,Plums,Soy Beans
i2nyjyf2k5;Leffler-Huel;Chives,Silverbeet,Pork
wxaolplaxv;Cummings, O'Hara and Casper;Achacha,Tahini,Pecan Nut
mdscwjl64v;Heidenreich-Hagenes;Smoked Trout,Bacon,Salmon,Achacha,Rice Noodles
6i7q3wf14k;Sipes, Schamberger and Stokes;Baking Powder,Wakame,Fingerlime,Pecan Nut
8x50r84ju8;Quigley-Braun;Sunflower Seeds,Strawberries,Chives
asrazpvpzs;Blanda and Sons;Extra Virgin Olive Oil,Cacao,Achacha,Bean Sprouts
phdj1579pk;Herman, Considine and Senger;Peas,Nuts,Tahini,Butter,Rose Water
65w6jhjxhb;Murray LLC;Oatmeal,Cornmeal,Butter
j3vlkjsbyc;Bosco-Bayer;Nuts,Chives,Achacha,Cardamom
9y8kxqosrr;Braun-Wunsch;Berries,Warehou,Kidneys,Bean Sprouts,Cottage Cheese
jk1xi1st3m;Pollich Inc;Spinach,Rice Noodles,Jasmine Rice,Red Cabbage,Cinnamon
qmy4i3228e;Deckow-Kihn;Iceberg Lettuce,Parsnip,Freekeh
3gcz4sfnnk;Medhurst, Streich and Schamberger;Pecan Nut,Mastic,Cream Cheese,Cacao
1qvou6y0cg;Deckow-Kihn;Apricots,Tamarillo,Camomile,Bonza,Red Cabbage
we95kj5swl;Brown Group;Wakame,Apple Cider Vinegar,Cauliflower
1mjeoeppmk;Deckow-Kihn;Apple Cider Vinegar,Tapioca Flour,Tahini,William Pear,Omega Spread
jof4jdfjvd;Berge-Parker;Camomile,Red Cabbage,Lychees,Soy Beans,Cacao
mo2bl3lexr;Kunze Inc;Tamarillo,Apple Cider Vinegar,Cacao,Tinned,Tarragon
lmnaelszsb;Becker, Considine and Koelpin;Nuts,Bacon,Smoked Trout,Extra Virgin Olive Oil,Omega Spread
nql8rwpfmw;McCullough, Leannon and Nolan;Achacha,Redfish,Rice Noodles
r4vjvbkhy1;Leffler-Huel;Rockmelon,Pork,Soymilk,Sunflower Seeds
yx6drae7uj;Botsford Inc;Strawberries,Chives,Smoked Trout,Elderberry,Provolone
33eimysp3y;Blanda and Sons;Rose Water,Rice Noodles,Sunflower Oil,Peas
tk2xxgcjgm;Feil LLC;Rye Bread,Tamarillo,Black Eyed Beans
9tkcnzulyr;Hegmann Inc;Turnips,Sunflower Oil,Bacon,Green Tea Noodles,Cornmeal
74hv7cfjix;Kutch, Ryan and Boyer;White Wine,Mastic,Rice Noodles
ue4imkhcpc;Feil LLC;Feta,Sunflower Seeds,Tinned,Vegetable Stock,Mahlab
ib3a9qac6n;Bosco-Bayer;Flaxseed Oil,Extra Virgin Olive Oil,Corn Oil
2junjlv0dq;Rempel and Sons;Mastic,Strawberries,Parsnip,Coriander Leaves,Chives
gia4vx1jl7;Heidenreich-Hagenes;Warehou,Rice Flour,Rice Noodles,Saffron
rrunusnfwh;Breitenberg Group;Flaxseed Oil,Soy Sauce,Elderberry,Butter
iferohlqsj;Deckow-Kihn;Soymilk,Turnips,Spinach,Coriander Leaves,Cardamom
ba8m6ij8e2;Leannon, Cassin and Trantow;Rose Water,Redfish,Red Cabbage
yziteji85y;Berge-Parker;Soy Beans,Pecan Nut,Cream Cheese
g6inm5f54g;Wolff-Cartwright;Sunflower Seeds,Rice Noodles,Corn Oil,White Wine,Dried Apricots
1l8818xsb8;Lindgren, Willms and MacGyver;Flaxseed Oil,Mastic,Vegetable Stock
ice2t954vt;Schaden LLC;Tarragon,English Spinach,Corn Oil,Bean Sprouts
iut6t4r90p;Medhurst, Streich and Schamberger;Beef,Green Tea Noodles,Tinned
0qqtz6rpcl;Gottlieb, Wolff and Bechtelar;Salmon,Baking Powder,Sunflower Seeds,Silverbeet
yotihieb6w;Lubowitz, Prohaska and Reilly;Smoked Trout,Apricots,Butter,English Spinach,Soymilk
