contract_id,hotel_name,ingredients
15sdkigh5a,"Herman, Considine and Senger","Apple Cider Vinegar,Pecan Nut,Soy Beans,Wakame"
9am4strgic,Feil LLC,"Bacon,Vegetable Oil,Camomile,Loquats"
2dgoy2fkxt,Dickens-Ortiz,"Apples,Kidneys,Apple Cider Vinegar"
iugxl5rocd,Leffler-Huel,"Fingerlime,Kombu,Cream Cheese"
reiz4zjk72,"Aufderhar, Mosciski and Smith","Redfish,White Wine,Saffron,Fingerlime"
b3dcp04w34,Hegmann Inc,"Redfish,Tapioca Flour,Pear Juice"
7lail3yie1,Nienow LLC,"Nutritional Yeast,Vegetable Stock,Green Tea Noodles,Mastic"
f0hw1xv90w,Murray LLC,"Flat Mushrooms,Iceberg Lettuce,Baking Powder,Pork,Taleggio Cheese"
rzooo776c1,Sporer Group,"Flaxseed Oil,Shark,Parsnip,Redfish"
z74jnq8krn,Hegmann Inc,"Achacha,Cauliflower,Silverbeet,Fingerlime"
9ycj7tga8h,"Leannon, Cassin and Trantow","Elderberry,Salmon,Hokkien Noodles,Flat Mushrooms,Vegetable Oil"
dzrgsb3ymn,Nienow LLC,"Chia Seeds,Smoked Trout,Loquats,Tapioca Flour,Tahini"
5cojwsynt6,Dickens-Ortiz,"Bean Sprouts,White Wine,Hokkien Noodles"
y2h44jqwiu,Berge-Parker,"Flat Mushrooms,Cream Cheese,Silverbeet"
269r0o5pgu,Botsford Inc,"Berries,Rice Noodles,Camomile"
ys1pd3ogw2,Hyatt Inc,"Flaxseed Oil,Nuts,Omega Spread,Peas,Chives"
idkj3m2uif,"Leannon, Cassin and Trantow","Fingerlime,Curry Powder,Black Eyed Beans"
g3fqsacc6b,"Kutch, Ryan and Boyer","Apples,Baking Powder,Red Cabbage,Kombu,Turnips"
fvxbxakux8,"Herman, Considine and Senger","Kidneys,Soy Sauce,Taleggio Cheese,Rockmelon"
wji991a7k0,Cremin Inc,"Corn Oil,Apricots,Bonza,Omega Spread,Soymilk"
j62d44ximp,"Sipes, Schamberger and Stokes","Mastic,Vegetable Stock,Tamarillo,Smoked Trout,Elderberry"
yv4wom4xb4,"Becker, Considine and Koelpin","Sunflower Seeds,Green Tea Noodles,Camomile"
1jdf26n4g5,Berge-Parker,"White Wine,Bean Sprouts,Pecan Nut"
bmt8u81sad,Dare LLC,"Salmon,Green Tea Noodles,Cacao,Freekeh,Feta"
yz406w0r4y,Nienow LLC,"Salmon,Butter,White Wine"
1bgmndpu7l,Hyatt Inc,"Corn Oil,Soymilk,Tahini,Mastic,Plums"
psj690a408,"Becker, Considine and Koelpin","Chives,Elderberry,Tamarillo,Turnips,Omega Spread"
jvi08iqc86,"Lubowitz, Prohaska and Reilly","Tinned,Oatmeal,Feta,Warehou,Pecan Nut"
qzqh63grlq,Quigley-Braun,"Peas,Baking Powder,Ham"
fszfw15sf6,Brown Group,"Rockmelon,Kombu,Lychees"
9hy6kmnc6e,Quigley-Braun,"Cornmeal,Taleggio Cheese,Butter"
zhyrdlo2c5,Dickens-Ortiz,"Cauliflower,Lychees,Bonza,Cardamom"
5lp85oways,Heidenreich-Hagenes,"Bonza,Sunflower Oil,Strawberries"
567f1n10qu,Pollich Inc,"William Pear,Pecan Nut,Berries"
qklch7mzjt,"Gottlieb, Wolff and Bechtelar","William Pear,Flaxseed Oil,Cardamom,Apples,Ham"
2s9fuq6w3e,"Sipes, Schamberger and Stokes","Freekeh,Chives,Extra Virgin Olive Oil,Baking Powder"
quvjvg2od1,Dickens-Ortiz,"Ham,Rice Noodles,Green Tea Noodles"
7nvsev5e79,Kerluke-Armstrong,"Provolone,Parsnip,Cacao,Freekeh,Cauliflower"
giknlh469v,Nienow LLC,"Mastic,Cacao,Spinach,Cornmeal,Wakame"
ycmqekpdiv,"McCullough, Leannon and Nolan","Ham,Tarragon,Extra Virgin Olive Oil,Redfish"
slp39zzmd8,Reilly-Ebert,"Pecan Nut,Elderberry,Black Eyed Beans,Warehou"
jrdlrsi52s,Skiles Group,"Wakame,Smoked Trout,Tinned"
ejmmbdje3f,Skiles Group,"Tinned,Kidneys,Rice Noodles,Jasmine Rice"
kt48otuk2h,Deckow-Kihn,"Bacon,Nuts,Rockmelon,Ham,Bonza"
sh53i8vxh0,Skiles Group,"Achacha,Oatmeal,Pork,Dried Apricots"
pdrl1l3ozq,Bruen-Jaskolski,"Freekeh,Tamarillo,Feta,Apples"
ygqpe0qmsk,"Becker, Considine and Koelpin","Sunflower Oil,Achacha,Smoked Trout,Silverbeet,English Spinach"
hadb54pagg,Deckow-Kihn,"Tapioca Flour,Rockmelon,Shark"
lf2xd30xmh,Deckow-Kihn,"English Spinach,Peas,Extra Virgin Olive Oil"
y2u0d8lwml,Quigley-Braun,"Parsnip,Soymilk,Flat Mushrooms"
bxkjlsu97t,Berge-Parker,"Oatmeal,Loquats,Soy Beans,Hokkien Noodles,Tahini"
l5kgmesham,"Aufderhar, Mosciski and Smith","Rockmelon,Extra Virgin Olive Oil,Apples"
02u4upaajx,Lockman-Wintheiser,"Pecan Nut,Black Eyed Beans,Pork,Cauliflower"
m42rpe1rgj,Dietrich Inc,"Cornmeal,Cinnamon,Sunflower Oil,Apple Cider Vinegar"
2e8h2egwgh,Blanda and Sons,"Smoked Trout,Feta,Redfish,Wakame,Shark"
cm2p69dm8j,Skiles Group,"Rose Water,Mastic,Lychees"
8d1zg230vc,Schaden LLC,"Kidneys,Tinned,Cauliflower,Freekeh"
wl5ss6rc9g,Dietrich Inc,"Berries,Redfish,Sunflower Oil,Nuts,Mahlab"
r78c7fofvd,Quigley-Braun,"Lychees,Apple Cider Vinegar,Cornmeal"
5vtzjz5sho,Berge-Parker,"Apple Cider Vinegar,Ham,Nuts,Tarragon,Dried Apricots"
ouakjllfbm,"Sipes, Schamberger and Stokes","Spinach,Berries,Kidneys,Bean Sprouts"
d3wk8fzk0g,Quigley-Braun,"Berries,Cinnamon,Spinach,Chives"
z43erp18iq,Dickens-Ortiz,"Cinnamon,Salmon,White Wine"
0ceccnxa2x,"Gottlieb, Wolff and Bechtelar","Salmon,Camomile,Hokkien Noodles"
otg1prfvpl,Dietrich Inc,"Apricots,Chia Seeds,William Pear,Parsnip,Apples"
f9tyzmfw6x,Hegmann Inc,"Loquats,Turnips,Warehou,Soy Sauce"
ft3vfql9u4,"Gottlieb, Wolff and Bechtelar","Cinnamon,Green Tea Noodles,Sunflower Oil,Soymilk"
kwufd32qf6,Lockman-Wintheiser,"Butter,Oatmeal,Apple Cider Vinegar"
dajb6jswpe,"Schinner, Sauer and Powlowski","Rye Bread,Baking Powder,Apricots,Warehou,Silverbeet"
mf70svuyk2,Reilly-Ebert,"Spinach,Rice Flour,Lychees,Extra Virgin Olive Oil"
675ss10s9p,Hyatt Inc,"White Wine,Bacon,Tamarillo,Green Tea Noodles,Ham"
utlz2nhdt1,Kulas LLC,"Vegetable Oil,Apple Cider Vinegar,White Wine,Coriander Leaves"
4qf3txp5k2,Rempel and Sons,"Mastic,Vegetable Stock,Nutritional Yeast"
13vuvth3e2,Braun-Wunsch,"Vegetable Oil,Wakame,Rye Bread,Lychees,Bonza"
6mhmzq38is,Breitenberg Group,"Rice Noodles,Smoked Trout,Cinnamon,Tapioca Flour,Bonza"
mjozy2rmrj,"McCullough, Leannon and Nolan","Strawberries,Cauliflower,Spinach,Rye Bread,Camomile"
5506zou250,Kerluke-Armstrong,"Sunflower Oil,Rose Water,Lychees,Soy Sauce,Flat Mushrooms"
eehl02zuph,"Lubowitz, Prohaska and Reilly","Cinnamon,William Pear,Warehou,Vegetable Oil,Wakame"
x6zev7h6d3,Pollich Inc,"Strawberries,Canola Oil,Sunflower Oil,Smoked Trout,Turnips"
mniaa3ojun,Kulas LLC,"Jasmine Rice,Lychees,Silverbeet"
yic5dcof0a,"Gottlieb, Wolff and Bechtelar","Tinned,Silverbeet,Loquats,Strawberries"
406v7tiv0l,Goldner LLC,"Bonza,Cinnamon,Rice Noodles,Cauliflower,Redfish"
jtw6vrs6xq,Brown Group,"Soymilk,Cornmeal,Bacon,Fingerlime,Oatmeal"
skgxq6vyn4,Hegmann Inc,"Cacao,Apples,Dried Apricots"
t70h1cqcp3,Schmeler-Renner,"Red Cabbage,Achacha,Wakame,Bean Sprouts"
il4p3z9516,"Aufderhar, Mosciski and Smith","Mahlab,Iceberg Lettuce,Ham"
9wqnijpe69,Leffler-Huel,"Peas,Bean Sprouts,Redfish,Curry Powder"
68dc67z18v,Botsford Inc,"William Pear,Apples,Red Cabbage,Silverbeet,Vegetable Stock"
7q5oqohd9u,"Schinner, Sauer and Powlowski","Bonza,Omega Spread,Redfish"
peftu3nnq9,"Kutch, Ryan and Boyer","White Wine,Bonza,Dried Apricots,Lychees"
dkiblooigt,Wolff-Cartwright,"Cauliflower,Redfish,Cacao,Cottage Cheese,Salmon"
veay9zcsgs,Lockman-Wintheiser,"Silverbeet,Curry Powder,Plums,Tapioca Flour"
017syzvh78,Hegmann Inc,"Corn Oil,Beef,Sunflower Oil,Bean Sprouts,Soy Beans"
p8ucp4mokv,Botsford Inc,"Corn Oil,Silverbeet,Warehou,Pork"
o9630dahim,Leffler-Huel,"Soy Beans,Soymilk,Berries,Tamarillo,Rice Flour"
bwee09i8ax,Dietrich Inc,"Baking Powder,Cottage Cheese,Salmon"
5ejs13759b,Reilly-Ebert,"Baking Powder,Rockmelon,English Spinach"
b19xmmjy91,Berge-Parker,"Warehou,Soymilk,Sunflower Oil"
yu1fg5jq24,Feil LLC,"Tahini,Green Tea Noodles,Curry Powder,Baking Powder,Spinach"
pbwt9xafjb,Brown Group,"Bean Sprouts,Vegetable Oil,Shark,Tinned"
up7y5wl7qu,Goldner LLC,"Cream Cheese,Kombu,Silverbeet"
evnfnslbrp,"Aufderhar, Mosciski and Smith","Wakame,Nutritional Yeast,Fingerlime,Chia Seeds"
obw5ziexwf,Schmitt-Reichert,"Feta,Vegetable Oil,Chia Seeds,Rockmelon,Kidneys"
ej6q7xdk1l,Pollich Inc,"Taleggio Cheese,Mahlab,Nuts,Pear Juice,Flaxseed Oil"
cgqnm6lhp8,Goldner LLC,"Cinnamon,Chia Seeds,Tarragon,Provolone"
y5cmidlfe3,Hyatt Inc,"Tamarillo,Hokkien Noodles,Curry Powder"
g5pmannyc2,Schaden LLC,"Baking Powder,Curry Powder,Flat Mushrooms"
yzpoiitkpv,Brown Group,"Baking Powder,Hokkien Noodles,Soy Sauce"
2beb24id1m,Sporer Group,"Pork,Vegetable Oil,Baking Powder,Tarragon,Bean Sprouts"
1oinh2kzxy,Berge-Parker,"Rockmelon,Tahini,Flat Mushrooms,Soy Sauce,Taleggio Cheese"
b2qnhz1tuj,Kunze Inc,"English Spinach,Lychees,Beef,Warehou"
xkqisaymkg,Kulas LLC,"Vegetable Oil,Beef,Apple Cider Vinegar,Fingerlime,Taleggio Cheese"
r687ldaitg,Dare LLC,"Sunflower Seeds,Rice Flour,Curry Powder,Kidneys,Salmon"
v0kyrw5ww2,Wolff-Cartwright,"Shark,Corn Oil,Feta"
7nx6hu0do8,Brown Group,"Lychees,Camomile,Apricots,Coriander Leaves,Apples"
iaf8wfugu2,Murray LLC,"Pork,Curry Powder,Cacao,Rice Noodles,Pecan Nut"
pglb9of77d,"Gottlieb, Wolff and Bechtelar","Omega Spread,Cacao,Warehou"
h7rcvy39qw,Leffler-Huel,"Iceberg Lettuce,Provolone,Beef,Lychees"
mdb9zomsyw,Lockman-Wintheiser,"Oatmeal,Tarragon,Red Cabbage"
0gi7b4hdu0,"Leannon, Cassin and Trantow","Camomile,Canola Oil,English Spinach"
4kctdtyuxx,Feil LLC,"Saffron,Rockmelon,Bonza,Tamarillo"
b2fwk53lsg,Heidenreich-Hagenes,"Chia Seeds,Warehou,Achacha"
rvbry2le87,Rempel and Sons,"Cinnamon,Salmon,Cacao"
pu2s4ijovq,"Aufderhar, Mosciski and Smith","Bean Sprouts,Berries,Wakame,Red Cabbage,Vegetable Oil"
c71j3bnfzz,"Kutch, Ryan and Boyer","Pecan Nut,Bean Sprouts,Redfish"
pr6f5p4ewo,Pollich Inc,"Chives,Cornmeal,Flat Mushrooms"
enk116ybq6,"Becker, Considine and Koelpin","Salmon,Soymilk,Berries,Mahlab,Cream Cheese"
wvzz3jf6js,Botsford Inc,"Oatmeal,Peas,Rose Water,Camomile"
gb03s6nh4s,Koelpin-Feeney,"Cinnamon,Kombu,Loquats,Parsnip,Butter"
4070e0vkkt,Reilly-Ebert,"Peas,Dried Apricots,Kidneys"
ye3sdf0au5,Sporer Group,"Elderberry,Pecan Nut,Redfish,Plums,Butter"
3875nj66ug,Kulas LLC,"Berries,Fingerlime,Nutritional Yeast,Soy Sauce"
n2ny78e8kd,Hyatt Inc,"Warehou,Taleggio Cheese,Spinach,Provolone"
9x6xya4h8g,Breitenberg Group,"Nutritional Yeast,Fingerlime,Bonza"
lxp38ls2f2,Schaden LLC,"Loquats,Saffron,Rice Flour,Pecan Nut"
qqwcieygml,Koelpin-Feeney,"Cauliflower,Corn Oil,Baking Powder,Camomile"
kqqd666pl2,"Lindgren, Willms and MacGyver","Cornmeal,Baking Powder,Kidneys"
uezcksmphs,Braun-Wunsch,"Soy Beans,Strawberries,Canola Oil,Corn Oil,Cauliflower"
hq57q99o7s,Wolff-Cartwright,"Tarragon,Chia Seeds,Nuts,Tamarillo"
1m4fhzfad8,Botsford Inc,"Kombu,Achacha,Cornmeal,Turnips,Salmon"
on8igqm2cu,Lockman-Wintheiser,"Bean Sprouts,Tinned,Iceberg Lettuce"
rqzo7s5gp2,Wolff-Cartwright,"Mahlab,Cinnamon,Rockmelon,Baking Powder,Flat Mushrooms"
6zfloth8w7,Sporer Group,"Jasmine Rice,Rockmelon,Shark,Cauliflower,Apples"
4w5h2tq80j,Hyatt Inc,"Dried Apricots,Nuts,Vegetable Stock,Bonza"
p9mpu2xbuf,Dare LLC,"Rose Water,Jasmine Rice,Butter,Kombu,Silverbeet"
ess1lrajng,Hyatt Inc,"Oatmeal,Elderberry,Loquats,Jasmine Rice,Green Tea Noodles"
5yd4xhw63c,Leffler-Huel,"Cinnamon,Bacon,Pear Juice"
mitw02r4fs,Bosco-Bayer,"Shark,Beef,Sunflower Oil,Kidneys"
4ttjq1jkvr,Braun-Wunsch,"Chia Seeds,Cauliflower,Feta,Pear Juice,Flaxseed Oil"
ls2uc4mcpu,Heidenreich-Hagenes,"Turnips,Soy Beans,Cardamom,Wakame"
phhirk6bpe,"Herman, Considine and Senger","Cornmeal,Silverbeet,Plums,Vegetable Oil"
4nmeovlt0q,Cremin Inc,"Apples,Red Cabbage,Bean Sprouts,Dried Apricots"
0pujzc4fhz,"Gottlieb, Wolff and Bechtelar","Plums,Apples,Omega Spread,Rye Bread,Camomile"
gxccnh8o5n,Lockman-Wintheiser,"Rye Bread,Apricots,William Pear,Pear Juice"
z8qrpf4c4q,Nienow LLC,"Strawberries,Nutritional Yeast,Bean Sprouts,William Pear"
bau9e1v73v,Bosco-Bayer,"Apricots,Cottage Cheese,Parsnip,Bonza"
usvac31txo,"Leannon, Cassin and Trantow","Apples,Saffron,Peas,Achacha,Beef"
0e6frh4gb1,Botsford Inc,"Rice Noodles,Rice Flour,Apricots,Cacao,Kombu"
ueq0e3hx6b,Skiles Group,"Elderberry,Strawberries,Lychees,Parsnip"
sf9fuqvt70,Reilly-Ebert,"Pear Juice,Parsnip,English Spinach,Baking Powder,Tahini"
geer86hvvl,Cremin Inc,"Cornmeal,Iceberg Lettuce,Loquats"
yjzkxdbfby,Dare LLC,"Provolone,Soy Sauce,Wakame"
6cyi929t1m,"Schinner, Sauer and Powlowski","Saffron,Bacon,Kidneys,Sunflower Seeds"
5s87chk8g2,"Lindgren, Willms and MacGyver","Extra Virgin Olive Oil,Jasmine Rice,Berries"
zt8ao5z1tr,Reilly-Ebert,"Tarragon,Warehou,Achacha,Cream Cheese,Nuts"
15mwrnhkvl,Hegmann Inc,"Cardamom,Kombu,Fingerlime,Berries,Peas"
ehpm8y8uto,Koelpin-Feeney,"Jasmine Rice,Plums,Parsnip"
afpa2h7b1f,Rempel and Sons,"Soy Sauce,Feta,Pecan Nut"
6xuqugxcmm,"Aufderhar, Mosciski and Smith","Cream Cheese,Corn Oil,Tamarillo"
tjly0zka8q,Braun-Wunsch,"Tarragon,Berries,Freekeh,Tamarillo"
lvbcmnubdt,Botsford Inc,"Corn Oil,Sunflower Oil,William Pear,Rice Flour,Plums"
1qwj5kevwn,"Johnson, Watsica and Koch","Cacao,Soy Beans,Chives"
xzf25dvbjq,Heidenreich-Hagenes,"Extra Virgin Olive Oil,English Spinach,Soy Sauce,Rye Bread,Baking Powder"
o9d76tj7py,"Kutch, Ryan and Boyer","Parsnip,Peas,Chia Seeds,Taleggio Cheese,Bonza"
56cx4bylw0,Schaden LLC,"Bacon,Canola Oil,Nuts,Soymilk"
dde77wq9tc,Schmeler-Renner,"Cottage Cheese,Tarragon,Cornmeal"
ljy4bljl7b,Schmitt-Reichert,"Wakame,Bacon,Rockmelon"
g29g3uy4t1,Schmitt-Reichert,"Omega Spread,Rose Water,Parsnip"
gyw08o7wmz,Schaden LLC,"Nuts,Taleggio Cheese,Coriander Leaves"
sjevykyxvu,"Herman, Considine and Senger","Corn Oil,Black Eyed Beans,Rye Bread,Cardamom,Bacon"
vyib3pbdev,"Sipes, Schamberger and Stokes","Flaxseed Oil,Mastic,Tahini,Omega Spread"
ke4c36j943,"Sipes, Schamberger and Stokes","Red Cabbage,Kidneys,Saffron,Coriander Leaves,Nutritional Yeast"
2d1hqlyj09,Dare LLC,"Oatmeal,Cornmeal,Cottage Cheese,Beef"
8t35m6u74p,Quigley-Braun,"Curry Powder,Beef,Warehou,Silverbeet,Spinach"
h2kjpdlr8b,Hyatt Inc,"Turnips,Soy Beans,Sunflower Oil"
h8c4qrips0,Heidenreich-Hagenes,"Wakame,Tapioca Flour,Tahini"
hxjyw40zza,Kunze Inc,"Provolone,Feta,Camomile,Fingerlime"
57a2431946,Feil LLC,"Tinned,Apricots,Cinnamon,Black Eyed Beans,Coriander Leaves"
isgyxa2s4v,Nienow LLC,"Curry Powder,Fingerlime,Mastic"
fb6c3ita6e,Blanda and Sons,"Fingerlime,Green Tea Noodles,Silverbeet"
c7gj2ob7gg,"Lindgren, Willms and MacGyver","Wakame,Provolone,Smoked Trout,Beef"
edxd9s2pwj,Lockman-Wintheiser,"Rose Water,Berries,Cardamom"
kafigd22lp,"Cummings, O'Hara and Casper","English Spinach,Mastic,Tarragon"
ppesm6jlxp,Hyatt Inc,"Smoked Trout,Saffron,Achacha,Corn Oil,Bean Sprouts"
ada12tlmn8,"Johnson, Watsica and Koch","Plums,Warehou,Achacha,Cottage Cheese,Tinned"
v9zun2ry58,Cremin Inc,"Mahlab,Vegetable Stock,Curry Powder,Pear Juice"
n5as5rf9u4,Koelpin-Feeney,"Taleggio Cheese,Soy Beans,Sunflower Seeds"
kyq3czzq1t,Dietrich Inc,"Kombu,Vegetable Stock,Green Tea Noodles,Flaxseed Oil,Taleggio Cheese"
eojh26lwgj,Leffler-Huel,"Soy Beans,Flat Mushrooms,Warehou,Camomile,William Pear"
umte6gk7fr,Pollich Inc,"Flaxseed Oil,Freekeh,Vegetable Oil,Omega Spread"
wt8revj8bi,"Aufderhar, Mosciski and Smith","Cream Cheese,Dried Apricots,Silverbeet,Vegetable Stock,Fingerlime"
78ud980brs,"Medhurst, Streich and Schamberger","Tahini,Strawberries,Rye Bread"
r8m131lkdb,Feil LLC,"Mahlab,Tahini,Achacha,Baking Powder"
8bzcf57txx,Goldner LLC,"William Pear,Rose Water,Cacao,Sunflower Seeds,Peas"
git1zlvxyf,"Cummings, O'Hara and Casper","Camomile,White Wine,Vegetable Oil"
hpvokbo7hj,Nienow LLC,"Strawberries,Iceberg Lettuce,Mahlab"
cpg2hgg4st,"McCullough, Leannon and Nolan","Apples,Berries,Elderberry,Strawberries"
3lgt9fghor,Hyatt Inc,"Cottage Cheese,Cardamom,English Spinach,Black Eyed Beans"
3zj0ght2ii,Rempel and Sons,"Cauliflower,Berries,Bacon,Beef,White Wine"
4cdvtfyigm,Botsford Inc,"Red Cabbage,Pecan Nut,Cream Cheese"
wwo7maknqu,Hyatt Inc,"Curry Powder,Soy Beans,Cottage Cheese,Dried Apricots,Berries"
9toetvtfib,"Schinner, Sauer and Powlowski","Bonza,Chives,Mastic"
3wmrplnw2e,Dickens-Ortiz,"Salmon,Redfish,Rice Noodles"
cqyafk5u4h,"Lubowitz, Prohaska and Reilly","Soy Beans,Red Cabbage,Feta,Bonza,Black Eyed Beans"
r59muqci8g,Wolff-Cartwright,"Iceberg Lettuce,Pecan Nut,Achacha,Shark"
sky2qrwjf3,Murray LLC,"Smoked Trout,Rice Flour,Taleggio Cheese,Cornmeal"
x9hxrsv4fp,Schmitt-Reichert,"Rose Water,Red Cabbage,Tinned,Redfish,Coriander Leaves"
d9y0ivv2yy,"Medhurst, Streich and Schamberger","Tinned,Bacon,Dried Apricots,Rice Noodles,Baking Powder"
s1t5zdoc1d,"Cummings, O'Hara and Casper","Rose Water,Vegetable Stock,Kombu,Provolone"
f2wz0vxylg,Feil LLC,"Baking Powder,Tinned,Parsnip"
tgfmos181o,Koelpin-Feeney,"Nuts,Mastic,Nutritional Yeast,Vegetable Stock"
o194scftiu,Botsford Inc,"Kidneys,Cardamom,Black Eyed Beans,White Wine,Silverbeet"
fhgm93qnvp,Feil LLC,"Cornmeal,Silverbeet,Wakame,Cinnamon,Salmon"
n7kl42pa5z,Pollich Inc,"Nuts,Cacao,Achacha,Lychees,Wakame"
r192am8vcf,Rempel and Sons,"Turnips,Strawberries,Hokkien Noodles"
v1jljudp9h,"Leannon, Cassin and Trantow","Jasmine Rice,Dried Apricots,Pork,Curry Powder"
naly01jyfd,Braun-Wunsch,"Apples,Loquats,Nuts"
1tbb1jwu4x,Nienow LLC,"Chia Seeds,Nuts,Mahlab,Canola Oil,Butter"
pqf093zsag,Reilly-Ebert,"Apricots,Dried Apricots,Mahlab,Hokkien Noodles"
swn1uwozyj,Pollich Inc,"Soymilk,Parsnip,Cornmeal"
241yyzf6jy,"Herman, Considine and Senger","Bonza,Nuts,Strawberries"
1yrjstt68s,Cremin Inc,"English Spinach,Silverbeet,Achacha,Nuts,Green Tea Noodles"
6mp5huzkg8,Schaden LLC,"Berries,Rice Noodles,Silverbeet,Jasmine Rice"
fsqyqq4ewh,Dietrich Inc,"Salmon,English Spinach,Smoked Trout"
7ht02g37nl,"Lubowitz, Prohaska and Reilly","Turnips,Peas,Vegetable Oil"
xgcer0k6dd,Breitenberg Group,"Vegetable Oil,Apple Cider Vinegar,Strawberries"
slzwd5bf43,Lockman-Wintheiser,"Omega Spread,Mahlab,Dried Apricots,Pear Juice"
iqhmk0h48r,"Medhurst, Streich and Schamberger","Tarragon,Shark,Vegetable Stock,Rose Water,Wakame"
nr3jmt7mjh,Wolff-Cartwright,"Ham,Rice Noodles,Pork"
qxy7c8ocg3,Bruen-Jaskolski,"Rockmelon,Kombu,Tarragon,English Spinach,Cardamom"
n4fn6ia5t0,"Kutch, Ryan and Boyer","Apples,Corn Oil,Mahlab,Plums"
55r6ihkru2,Schmitt-Reichert,"Apples,Redfish,Iceberg Lettuce,Flaxseed Oil,Rice Noodles"
4wlp7ms964,Reilly-Ebert,"Warehou,Smoked Trout,Saffron"
43n4ivpxrw,Braun-Wunsch,"Salmon,Freekeh,Warehou"
iwele76g3r,Reilly-Ebert,"Saffron,Redfish,Jasmine Rice"
mdyszt53th,Cremin Inc,"Rockmelon,Berries,English Spinach"
p4bca09p2n,Heidenreich-Hagenes,"Mahlab,Hokkien Noodles,Berries"
urjmuqynjv,Murray LLC,"Flaxseed Oil,William Pear,Soymilk"
1ejxm60i1t,Breitenberg Group,"Fingerlime,Soymilk,Kombu"
71wid5okjn,Brown Group,"Rose Water,Turnips,Butter,Tamarillo"
2r1uegwg9d,Kunze Inc,"Apricots,Butter,Tahini"
618qbskqwx,Pollich Inc,"Apple Cider Vinegar,Flaxseed Oil,Flat Mushrooms,Bean Sprouts"
4vacb7rxq4,Wolff-Cartwright,"Fingerlime,Vegetable Stock,Pork,Red Cabbage,Nutritional Yeast"
aap011fccq,Kulas LLC,"Pork,Corn Oil,Soy Beans,Tinned"
c3hjlx4uk9,Botsford Inc,"Nuts,Vegetable Oil,Extra Virgin Olive Oil"
gff8su5w0b,Berge-Parker,"Beef,Taleggio Cheese,Tapioca Flour,Cornmeal"
kom4e3u9x4,Deckow-Kihn,"Canola Oil,Pecan Nut,Provolone"
vxk9nt8n54,Lockman-Wintheiser,"Green Tea Noodles,Cauliflower,Soy Sauce"
sdkw3jwls3,"Kutch, Ryan and Boyer","Vegetable Oil,Nuts,Sunflower Seeds,Tahini,Corn Oil"
gvfbuvq8qt,Lockman-Wintheiser,"Black Eyed Beans,Ham,Cinnamon,Rye Bread"
80isgxj6uv,"Medhurst, Streich and Schamberger","Baking Powder,Saffron,Camomile,Pecan Nut"
lvzbrhxec7,Hegmann Inc,"Oatmeal,Corn Oil,Curry Powder,Cacao,Apricots"
nehbqlpt8r,"Lindgren, Willms and MacGyver","Parsnip,Peas,Rice Noodles,Omega Spread"
feorsitohx,Reilly-Ebert,"Turnips,Cauliflower,Wakame"
f4lf0pkgfu,Deckow-Kihn,"Tarragon,Nutritional Yeast,Saffron"
ewrscvrsjv,"Becker, Considine and Koelpin","Chia Seeds,Taleggio Cheese,Bean Sprouts,Red Cabbage"
aqzcxubx4d,Skiles Group,"Red Cabbage,Oatmeal,Cream Cheese"
z2vis9l1x5,Reilly-Ebert,"Rockmelon,Tamarillo,Mastic,Cream Cheese"
gofecputco,"Cummings, O'Hara and Casper","Redfish,Chives,Tamarillo,Freekeh"
svnzj1tkv2,Bosco-Bayer,"Shark,Salmon,Pear Juice,Canola Oil,Rockmelon"
3x5a6o8bc7,Skiles Group,"Warehou,Redfish,Bonza,Taleggio Cheese"
gt1n45rp3l,"Becker, Considine and Koelpin","English Spinach,Mastic,Bean Sprouts,Rockmelon"
0drnlwfvx3,Schmitt-Reichert,"Butter,Shark,Flat Mushrooms"
zqzyj0dvfr,Schaden LLC,"Rose Water,English Spinach,Loquats,Oatmeal,Pear Juice"
0ktrkda2h1,Bruen-Jaskolski,"Omega Spread,Sunflower Seeds,Bacon"
gv35iu9q37,Kerluke-Armstrong,"Cottage Cheese,Camomile,Achacha"
rr7iber4od,Cremin Inc,"Vegetable Stock,Hokkien Noodles,Oatmeal,Apples"
621zj408kt,Hyatt Inc,"Shark,Dried Apricots,Rice Flour,Pork"
9wjapcn8te,Schmitt-Reichert,"Cottage Cheese,Bonza,Cream Cheese"
yj7lihpk0a,Bruen-Jaskolski,"Rice Noodles,Bonza,Camomile"
nl0oqck4ii,Lockman-Wintheiser,"Chives,Oatmeal,Shark"
i1owhe122t,Breitenberg Group,"Soymilk,Beef,Flat Mushrooms,Bonza"
0h65416f8z,Leffler-Huel,"Black Eyed Beans,Cardamom,Kombu,Berries"
y5z8go4qnq,Braun-Wunsch,"Cornmeal,Black Eyed Beans,Parsnip"
j0122rh0dh,Dietrich Inc,"William Pear,Black Eyed Beans,Vegetable Oil,Kidneys"
atvdk89ta8,Dietrich Inc,"Pear Juice,Cornmeal,Smoked Trout,White Wine,Iceberg Lettuce"
jmm61wqokz,Leffler-Huel,"Corn Oil,Bean Sprouts,Tarragon,Redfish,Saffron"
e60399mfzn,Brown Group,"Feta,Apricots,Silverbeet,Rice Flour"
jse962pu8z,"Kutch, Ryan and Boyer","Black Eyed Beans,Fingerlime,Cinnamon,Turnips,Achacha"
8yvt4x4vpc,"Lindgren, Willms and MacGyver","Kidneys,Warehou,Hokkien Noodles"
jcv52cq9u3,Berge-Parker,"Pear Juice,Apple Cider Vinegar,Cauliflower,Tarragon"
vil1aj2phx,Leffler-Huel,"Mastic,Pear Juice,William Pear,Tinned"
wbx1ebiwo0,Hegmann Inc,"Spinach,Butter,Flaxseed Oil"
ngdfiu0lrv,Murray LLC,"Red Cabbage,Oatmeal,Pear Juice,Cinnamon,Flat Mushrooms"
kgccrnmduj,Murray LLC,"English Spinach,Chives,Camomile,Rice Flour"
4dlsgmbplj,Nienow LLC,"Green Tea Noodles,Corn Oil,Nutritional Yeast"
c6tbhi8zmt,Bosco-Bayer,"Kidneys,Baking Powder,Rockmelon,Kombu,William Pear"
zs94w8d7r3,Murray LLC,"Shark,Camomile,Ham"
u937pu4jms,Blanda and Sons,"Warehou,Bonza,Tinned,Chia Seeds"
