
CREATE TABLE hotels (
	hotel_code	VARCHAR(255),
	hotel_name	VARCHAR(255),
	PRIMARY KEY(hotel_code)
);
CREATE TABLE dishes (
	hotel_code	VARCHAR(255),
	dish_code	VARCHAR(255),
	dish_name	VARCHAR(255)
);
CREATE TABLE ingredients (
	dish_code	VARCHAR(255),
	ingredient_name	VARCHAR(255)
);
INSERT INTO hotels (hotel_code,hotel_name) VALUES ('692ca7','Dare, Hoppe and Moore');
INSERT INTO hotels (hotel_code,hotel_name) VALUES ('1521a3','Dietrich Inc');
INSERT INTO hotels (hotel_code,hotel_name) VALUES ('5c9cdd','Brown Group');
INSERT INTO hotels (hotel_code,hotel_name) VALUES ('350847','Dare LLC');
INSERT INTO hotels (hotel_code,hotel_name) VALUES ('1f6d41','VonRueden, Baumbach and Blick');
INSERT INTO hotels (hotel_code,hotel_name) VALUES ('72fea0','Murray LLC');
INSERT INTO hotels (hotel_code,hotel_name) VALUES ('07db1a','Pfeffer, Macejkovic and Batz');
INSERT INTO hotels (hotel_code,hotel_name) VALUES ('2f37a9','Schmitt-Reichert');
INSERT INTO hotels (hotel_code,hotel_name) VALUES ('c46f28','Koelpin-Feeney');
INSERT INTO hotels (hotel_code,hotel_name) VALUES ('7d04f6','Hyatt Inc');
INSERT INTO hotels (hotel_code,hotel_name) VALUES ('5c7ab6','Ondricka, Smith and Rutherford');
INSERT INTO hotels (hotel_code,hotel_name) VALUES ('9074d0','Cremin Inc');
INSERT INTO hotels (hotel_code,hotel_name) VALUES ('797cbb','Kling, Luettgen and Jast');
INSERT INTO hotels (hotel_code,hotel_name) VALUES ('24eb71','Lindgren, Willms and MacGyver');
INSERT INTO hotels (hotel_code,hotel_name) VALUES ('1c8f2f','Leffler-Huel');
INSERT INTO hotels (hotel_code,hotel_name) VALUES ('24848d','Kulas LLC');
INSERT INTO hotels (hotel_code,hotel_name) VALUES ('18cd04','Lubowitz, Prohaska and Reilly');
INSERT INTO hotels (hotel_code,hotel_name) VALUES ('9c935c','Botsford Inc');
INSERT INTO hotels (hotel_code,hotel_name) VALUES ('bb2167','Torp LLC');
INSERT INTO hotels (hotel_code,hotel_name) VALUES ('d3b62e','Blanda and Sons');
INSERT INTO hotels (hotel_code,hotel_name) VALUES ('aa679c','Medhurst-Trantow');
INSERT INTO hotels (hotel_code,hotel_name) VALUES ('ba70bb','Ledner LLC');
INSERT INTO hotels (hotel_code,hotel_name) VALUES ('a48d46','Purdy, Weimann and Carroll');
INSERT INTO hotels (hotel_code,hotel_name) VALUES ('0953de','Johnson, Watsica and Koch');
INSERT INTO hotels (hotel_code,hotel_name) VALUES ('bddf7f','Mohr, Cartwright and Hoppe');
INSERT INTO hotels (hotel_code,hotel_name) VALUES ('830158','Breitenberg Group');
INSERT INTO hotels (hotel_code,hotel_name) VALUES ('6aee6c','Heaney Inc');
INSERT INTO hotels (hotel_code,hotel_name) VALUES ('f33956','Heidenreich-Hagenes');
INSERT INTO hotels (hotel_code,hotel_name) VALUES ('a6c0ca','Hayes, Bins and Considine');
INSERT INTO hotels (hotel_code,hotel_name) VALUES ('2b9632','Pollich Inc');
INSERT INTO hotels (hotel_code,hotel_name) VALUES ('81b691','Kiehn Group');
INSERT INTO hotels (hotel_code,hotel_name) VALUES ('bf1451','Langosh-Franecki');
INSERT INTO hotels (hotel_code,hotel_name) VALUES ('62f9a1','Rogahn-Crist');
INSERT INTO hotels (hotel_code,hotel_name) VALUES ('5a60a2','Kerluke-Armstrong');
INSERT INTO hotels (hotel_code,hotel_name) VALUES ('fb3697','Feest-Bode');
INSERT INTO hotels (hotel_code,hotel_name) VALUES ('b43938','Quigley-Braun');
INSERT INTO hotels (hotel_code,hotel_name) VALUES ('473558','Sipes, Schamberger and Stokes');
INSERT INTO hotels (hotel_code,hotel_name) VALUES ('19cde0','Fritsch, Hegmann and Mueller');
INSERT INTO hotels (hotel_code,hotel_name) VALUES ('666d38','Kutch, Ryan and Boyer');
INSERT INTO hotels (hotel_code,hotel_name) VALUES ('b226df','Hane, Walker and Kirlin');
INSERT INTO hotels (hotel_code,hotel_name) VALUES ('d9e99d','Schmeler-Renner');
INSERT INTO hotels (hotel_code,hotel_name) VALUES ('d39f32','Kassulke, Rath and Upton');
INSERT INTO hotels (hotel_code,hotel_name) VALUES ('b3e5a6','Lowe-McCullough');
INSERT INTO hotels (hotel_code,hotel_name) VALUES ('ccf7b1','Zieme Inc');
INSERT INTO hotels (hotel_code,hotel_name) VALUES ('58d643','Dickens-Ortiz');
INSERT INTO hotels (hotel_code,hotel_name) VALUES ('192ea8','Wolff-Cartwright');
INSERT INTO hotels (hotel_code,hotel_name) VALUES ('9fa75e','Leannon, Cassin and Trantow');
INSERT INTO hotels (hotel_code,hotel_name) VALUES ('74b0bd','Blick-Bartell');
INSERT INTO hotels (hotel_code,hotel_name) VALUES ('fa6670','Schinner Group');
INSERT INTO hotels (hotel_code,hotel_name) VALUES ('a0ba23','Berge-Parker');
INSERT INTO hotels (hotel_code,hotel_name) VALUES ('5960f1','Rempel and Sons');
INSERT INTO hotels (hotel_code,hotel_name) VALUES ('6e73b8','Fadel-Jast');
INSERT INTO hotels (hotel_code,hotel_name) VALUES ('09fe2e','Cruickshank-Franecki');
INSERT INTO hotels (hotel_code,hotel_name) VALUES ('b6bb38','Labadie-Runolfsson');
INSERT INTO hotels (hotel_code,hotel_name) VALUES ('eec0c4','Cole Group');
INSERT INTO hotels (hotel_code,hotel_name) VALUES ('763cf2','Bosco-Bayer');
INSERT INTO hotels (hotel_code,hotel_name) VALUES ('bbb8cc','Reilly-Ebert');
INSERT INTO hotels (hotel_code,hotel_name) VALUES ('2fc1aa','Pagac, Simonis and Cole');
INSERT INTO hotels (hotel_code,hotel_name) VALUES ('d831b6','Murazik, Hauck and Hodkiewicz');
INSERT INTO hotels (hotel_code,hotel_name) VALUES ('9ffe2b','Feil LLC');
INSERT INTO hotels (hotel_code,hotel_name) VALUES ('ea276d','Leffler-Aufderhar');
INSERT INTO hotels (hotel_code,hotel_name) VALUES ('f4aa0e','Cummings, O''Hara and Casper');
INSERT INTO hotels (hotel_code,hotel_name) VALUES ('77acdb','Bruen-Jaskolski');
INSERT INTO hotels (hotel_code,hotel_name) VALUES ('cd9c71','Murphy, Swift and Feest');
INSERT INTO hotels (hotel_code,hotel_name) VALUES ('90f0c9','Medhurst, Streich and Schamberger');
INSERT INTO hotels (hotel_code,hotel_name) VALUES ('e9807c','Bahringer LLC');
INSERT INTO hotels (hotel_code,hotel_name) VALUES ('010ded','Kunze Inc');
INSERT INTO hotels (hotel_code,hotel_name) VALUES ('70e5d3','Deckow-Kihn');
INSERT INTO hotels (hotel_code,hotel_name) VALUES ('a9658f','Becker, Considine and Koelpin');
INSERT INTO hotels (hotel_code,hotel_name) VALUES ('d20fe0','Nienow LLC');
INSERT INTO hotels (hotel_code,hotel_name) VALUES ('a70183','Skiles Group');
INSERT INTO hotels (hotel_code,hotel_name) VALUES ('f81839','Sporer Group');
INSERT INTO hotels (hotel_code,hotel_name) VALUES ('11289','Gottlieb, Wolff and Bechtelar');
INSERT INTO hotels (hotel_code,hotel_name) VALUES ('b5177b','Koelpin, Hoppe and Corwin');
INSERT INTO hotels (hotel_code,hotel_name) VALUES ('54f463','Altenwerth and Sons');
INSERT INTO hotels (hotel_code,hotel_name) VALUES ('d626ba','Aufderhar, Mosciski and Smith');
INSERT INTO hotels (hotel_code,hotel_name) VALUES ('b3c919','Heaney - Robel and Witting');
INSERT INTO hotels (hotel_code,hotel_name) VALUES ('1b0530','Herman, Considine and Senger');
INSERT INTO hotels (hotel_code,hotel_name) VALUES ('e5e97f','Schaden LLC');
INSERT INTO hotels (hotel_code,hotel_name) VALUES ('408ddf','Braun-Wunsch');
INSERT INTO hotels (hotel_code,hotel_name) VALUES ('3a7665','Schinner, Sauer and Powlowski');
INSERT INTO hotels (hotel_code,hotel_name) VALUES ('12fb03','Lockman-Wintheiser');
INSERT INTO hotels (hotel_code,hotel_name) VALUES ('5e66be','Feest, Sporer and Bosco');
INSERT INTO hotels (hotel_code,hotel_name) VALUES ('3f04ce','Ward-Heller');
INSERT INTO hotels (hotel_code,hotel_name) VALUES ('3d5188','Schiller Group');
INSERT INTO hotels (hotel_code,hotel_name) VALUES ('659ead','Champlin-Kemmer');
INSERT INTO hotels (hotel_code,hotel_name) VALUES ('ffc734','White-Stroman');
INSERT INTO hotels (hotel_code,hotel_name) VALUES ('ff463d','Hodkiewicz, Luettgen and Stoltenberg');
INSERT INTO hotels (hotel_code,hotel_name) VALUES ('d743c3','McCullough, Leannon and Nolan');
INSERT INTO hotels (hotel_code,hotel_name) VALUES ('e8cf12','Hintz Group');
INSERT INTO hotels (hotel_code,hotel_name) VALUES ('5a09e8','Goldner LLC');
INSERT INTO hotels (hotel_code,hotel_name) VALUES ('2d6c79','Hegmann Inc');
INSERT INTO hotels (hotel_code,hotel_name) VALUES ('d2bf96','Franecki Group');
INSERT INTO hotels (hotel_code,hotel_name) VALUES ('161b84','Ernser, Champlin and Halvorson');
INSERT INTO hotels (hotel_code,hotel_name) VALUES ('616bd5','Willms, Larson and Herzog');
INSERT INTO hotels (hotel_code,hotel_name) VALUES ('d7b26d','Grant-Hand');
INSERT INTO hotels (hotel_code,hotel_name) VALUES ('458565','Hayes, Koelpin and Smitham');
INSERT INTO hotels (hotel_code,hotel_name) VALUES ('c19797','Funk, Morar and Rodriguez');
INSERT INTO hotels (hotel_code,hotel_name) VALUES ('a54f11','Kuhn-Dach');
INSERT INTO dishes (hotel_code,dish_code,dish_name) VALUES ('692ca7','on73m0h33t','Arepas');
INSERT INTO dishes (hotel_code,dish_code,dish_name) VALUES ('692ca7','6jz27vm3b9','Hummus');
INSERT INTO dishes (hotel_code,dish_code,dish_name) VALUES ('692ca7','gtauvoyvfj','Massaman Curry');
INSERT INTO dishes (hotel_code,dish_code,dish_name) VALUES ('692ca7','rwv9m4wqnz','Katsu Curry');
INSERT INTO dishes (hotel_code,dish_code,dish_name) VALUES ('692ca7','y7pgn6hv12','Pappardelle alla Bolognese');
INSERT INTO dishes (hotel_code,dish_code,dish_name) VALUES ('1521a3','23d3rxhks8','Stinky Tofu');
INSERT INTO dishes (hotel_code,dish_code,dish_name) VALUES ('1521a3','0cef50f6bg','French Fries with Sausages');
INSERT INTO dishes (hotel_code,dish_code,dish_name) VALUES ('1521a3','k9qctq33jo','Chicken Wings');
INSERT INTO dishes (hotel_code,dish_code,dish_name) VALUES ('5c9cdd','531bg8pdqm','Poke');
INSERT INTO dishes (hotel_code,dish_code,dish_name) VALUES ('5c9cdd','23d3rxhks8','Stinky Tofu');
INSERT INTO dishes (hotel_code,dish_code,dish_name) VALUES ('5c9cdd','azi3c2yxau','Salmon Nigiri');
INSERT INTO dishes (hotel_code,dish_code,dish_name) VALUES ('5c9cdd','ghmf4u3ax3','Pork Belly Buns');
INSERT INTO dishes (hotel_code,dish_code,dish_name) VALUES ('5c9cdd','1blep55qd5','Pierogi');
INSERT INTO dishes (hotel_code,dish_code,dish_name) VALUES ('350847','y7pgn6hv12','Pappardelle alla Bolognese');
INSERT INTO dishes (hotel_code,dish_code,dish_name) VALUES ('350847','stgti5le9l','Mushroom Risotto');
INSERT INTO dishes (hotel_code,dish_code,dish_name) VALUES ('350847','c7a3g42rvt','Bunny Chow');
INSERT INTO dishes (hotel_code,dish_code,dish_name) VALUES ('1f6d41','6w6vhwtdoj','Pho');
INSERT INTO dishes (hotel_code,dish_code,dish_name) VALUES ('1f6d41','c7a3g42rvt','Bunny Chow');
INSERT INTO dishes (hotel_code,dish_code,dish_name) VALUES ('1f6d41','azi3c2yxau','Salmon Nigiri');
INSERT INTO dishes (hotel_code,dish_code,dish_name) VALUES ('1f6d41','on73m0h33t','Arepas');
INSERT INTO dishes (hotel_code,dish_code,dish_name) VALUES ('72fea0','stgti5le9l','Mushroom Risotto');
INSERT INTO dishes (hotel_code,dish_code,dish_name) VALUES ('72fea0','on73m0h33t','Arepas');
INSERT INTO dishes (hotel_code,dish_code,dish_name) VALUES ('72fea0','2t8xe2q9ah','Fettuccine Alfredo');
INSERT INTO dishes (hotel_code,dish_code,dish_name) VALUES ('72fea0','x4za4fxoep','Pasta Carbonara');
INSERT INTO dishes (hotel_code,dish_code,dish_name) VALUES ('07db1a','gk6ka6s7da','Souvlaki');
INSERT INTO dishes (hotel_code,dish_code,dish_name) VALUES ('07db1a','zw4xwxjmho','California Maki');
INSERT INTO dishes (hotel_code,dish_code,dish_name) VALUES ('07db1a','uj7ebs468z','Sushi');
INSERT INTO dishes (hotel_code,dish_code,dish_name) VALUES ('07db1a','ghmf4u3ax3','Pork Belly Buns');
INSERT INTO dishes (hotel_code,dish_code,dish_name) VALUES ('07db1a','azi3c2yxau','Salmon Nigiri');
INSERT INTO dishes (hotel_code,dish_code,dish_name) VALUES ('2f37a9','npczt5stjn','Cauliflower Penne');
INSERT INTO dishes (hotel_code,dish_code,dish_name) VALUES ('2f37a9','2zgeg39dtt','Pasta and Beans');
INSERT INTO dishes (hotel_code,dish_code,dish_name) VALUES ('2f37a9','oey6l9pp36','Chilli con Carne');
INSERT INTO dishes (hotel_code,dish_code,dish_name) VALUES ('2f37a9','zw4xwxjmho','California Maki');
INSERT INTO dishes (hotel_code,dish_code,dish_name) VALUES ('c46f28','nf2o2039ko','Philadelphia Maki');
INSERT INTO dishes (hotel_code,dish_code,dish_name) VALUES ('c46f28','ko4apcn2gj','Chicken Parm');
INSERT INTO dishes (hotel_code,dish_code,dish_name) VALUES ('c46f28','eadqntic71','Lasagne');
INSERT INTO dishes (hotel_code,dish_code,dish_name) VALUES ('7d04f6','uj7ebs468z','Sushi');
INSERT INTO dishes (hotel_code,dish_code,dish_name) VALUES ('7d04f6','nf2o2039ko','Philadelphia Maki');
INSERT INTO dishes (hotel_code,dish_code,dish_name) VALUES ('7d04f6','ghmf4u3ax3','Pork Belly Buns');
INSERT INTO dishes (hotel_code,dish_code,dish_name) VALUES ('7d04f6','elegf844hg','Fish and Chips');
INSERT INTO dishes (hotel_code,dish_code,dish_name) VALUES ('7d04f6','7tye3efo1x','Tuna Sashimi');
INSERT INTO dishes (hotel_code,dish_code,dish_name) VALUES ('5c7ab6','oey6l9pp36','Chilli con Carne');
INSERT INTO dishes (hotel_code,dish_code,dish_name) VALUES ('5c7ab6','23d3rxhks8','Stinky Tofu');
INSERT INTO dishes (hotel_code,dish_code,dish_name) VALUES ('5c7ab6','azi3c2yxau','Salmon Nigiri');
INSERT INTO dishes (hotel_code,dish_code,dish_name) VALUES ('5c7ab6','cm5xzlokzb','Vegetable Soup');
INSERT INTO dishes (hotel_code,dish_code,dish_name) VALUES ('9074d0','x6afj5jzkb','Chicken Milanese');
INSERT INTO dishes (hotel_code,dish_code,dish_name) VALUES ('9074d0','npczt5stjn','Cauliflower Penne');
INSERT INTO dishes (hotel_code,dish_code,dish_name) VALUES ('9074d0','y7mg6phgc3','Seafood Paella');
INSERT INTO dishes (hotel_code,dish_code,dish_name) VALUES ('797cbb','d6y2qnp0x1','Cheeseburger');
INSERT INTO dishes (hotel_code,dish_code,dish_name) VALUES ('797cbb','7ue4qbu7qa','Barbecue Ribs');
INSERT INTO dishes (hotel_code,dish_code,dish_name) VALUES ('797cbb','y7pgn6hv12','Pappardelle alla Bolognese');
INSERT INTO dishes (hotel_code,dish_code,dish_name) VALUES ('797cbb','oey6l9pp36','Chilli con Carne');
INSERT INTO dishes (hotel_code,dish_code,dish_name) VALUES ('24eb71','6w6vhwtdoj','Pho');
INSERT INTO dishes (hotel_code,dish_code,dish_name) VALUES ('24eb71','c7a3g42rvt','Bunny Chow');
INSERT INTO dishes (hotel_code,dish_code,dish_name) VALUES ('24eb71','q8olf6up4z','Tacos');
INSERT INTO dishes (hotel_code,dish_code,dish_name) VALUES ('1c8f2f','stgti5le9l','Mushroom Risotto');
INSERT INTO dishes (hotel_code,dish_code,dish_name) VALUES ('1c8f2f','4p1ppwfrhc','Teriyaki Chicken Donburi');
INSERT INTO dishes (hotel_code,dish_code,dish_name) VALUES ('1c8f2f','b57o9wj49y','Linguine with Clams');
INSERT INTO dishes (hotel_code,dish_code,dish_name) VALUES ('24848d','npczt5stjn','Cauliflower Penne');
INSERT INTO dishes (hotel_code,dish_code,dish_name) VALUES ('24848d','s74qxnkmv3','Scotch Eggs');
INSERT INTO dishes (hotel_code,dish_code,dish_name) VALUES ('24848d','2zgeg39dtt','Pasta and Beans');
INSERT INTO dishes (hotel_code,dish_code,dish_name) VALUES ('24848d','zw4xwxjmho','California Maki');
INSERT INTO dishes (hotel_code,dish_code,dish_name) VALUES ('18cd04','ukcxl8vz6h','Ebiten maki');
INSERT INTO dishes (hotel_code,dish_code,dish_name) VALUES ('18cd04','azi3c2yxau','Salmon Nigiri');
INSERT INTO dishes (hotel_code,dish_code,dish_name) VALUES ('18cd04','zw4xwxjmho','California Maki');
INSERT INTO dishes (hotel_code,dish_code,dish_name) VALUES ('18cd04','y7mg6phgc3','Seafood Paella');
INSERT INTO dishes (hotel_code,dish_code,dish_name) VALUES ('18cd04','y7pgn6hv12','Pappardelle alla Bolognese');
INSERT INTO dishes (hotel_code,dish_code,dish_name) VALUES ('9c935c','uj7ebs468z','Sushi');
INSERT INTO dishes (hotel_code,dish_code,dish_name) VALUES ('9c935c','k9qctq33jo','Chicken Wings');
INSERT INTO dishes (hotel_code,dish_code,dish_name) VALUES ('9c935c','y0l1zlmmbb','Risotto with Seafood');
INSERT INTO dishes (hotel_code,dish_code,dish_name) VALUES ('9c935c','zw4xwxjmho','California Maki');
INSERT INTO dishes (hotel_code,dish_code,dish_name) VALUES ('9c935c','d6y2qnp0x1','Cheeseburger');
INSERT INTO dishes (hotel_code,dish_code,dish_name) VALUES ('bb2167','ukcxl8vz6h','Ebiten maki');
INSERT INTO dishes (hotel_code,dish_code,dish_name) VALUES ('bb2167','06dztnjsow','Poutine');
INSERT INTO dishes (hotel_code,dish_code,dish_name) VALUES ('bb2167','y7pgn6hv12','Pappardelle alla Bolognese');
INSERT INTO dishes (hotel_code,dish_code,dish_name) VALUES ('d3b62e','eadqntic71','Lasagne');
INSERT INTO dishes (hotel_code,dish_code,dish_name) VALUES ('d3b62e','d6y2qnp0x1','Cheeseburger');
INSERT INTO dishes (hotel_code,dish_code,dish_name) VALUES ('d3b62e','cm5xzlokzb','Vegetable Soup');
INSERT INTO dishes (hotel_code,dish_code,dish_name) VALUES ('d3b62e','ih5le14t4m','French Toast');
INSERT INTO dishes (hotel_code,dish_code,dish_name) VALUES ('aa679c','vi1lau4yyv','Kebab');
INSERT INTO dishes (hotel_code,dish_code,dish_name) VALUES ('aa679c','gk6ka6s7da','Souvlaki');
INSERT INTO dishes (hotel_code,dish_code,dish_name) VALUES ('aa679c','nf2o2039ko','Philadelphia Maki');
INSERT INTO dishes (hotel_code,dish_code,dish_name) VALUES ('aa679c','rkvyfkgvfm','Tiramisù');
INSERT INTO dishes (hotel_code,dish_code,dish_name) VALUES ('aa679c','0cef50f6bg','French Fries with Sausages');
INSERT INTO dishes (hotel_code,dish_code,dish_name) VALUES ('ba70bb','cm5xzlokzb','Vegetable Soup');
INSERT INTO dishes (hotel_code,dish_code,dish_name) VALUES ('ba70bb','b57o9wj49y','Linguine with Clams');
INSERT INTO dishes (hotel_code,dish_code,dish_name) VALUES ('ba70bb','eadqntic71','Lasagne');
INSERT INTO dishes (hotel_code,dish_code,dish_name) VALUES ('ba70bb','ol6mt51h3l','Meatballs with Sauce');
INSERT INTO dishes (hotel_code,dish_code,dish_name) VALUES ('ba70bb','oey6l9pp36','Chilli con Carne');
INSERT INTO dishes (hotel_code,dish_code,dish_name) VALUES ('a48d46','6w6vhwtdoj','Pho');
INSERT INTO dishes (hotel_code,dish_code,dish_name) VALUES ('a48d46','elegf844hg','Fish and Chips');
INSERT INTO dishes (hotel_code,dish_code,dish_name) VALUES ('a48d46','vi1lau4yyv','Kebab');
INSERT INTO dishes (hotel_code,dish_code,dish_name) VALUES ('0953de','ih5le14t4m','French Toast');
INSERT INTO dishes (hotel_code,dish_code,dish_name) VALUES ('0953de','azi3c2yxau','Salmon Nigiri');
INSERT INTO dishes (hotel_code,dish_code,dish_name) VALUES ('0953de','hso8v23cou','Chicken Fajitas');
INSERT INTO dishes (hotel_code,dish_code,dish_name) VALUES ('0953de','y0l1zlmmbb','Risotto with Seafood');
INSERT INTO dishes (hotel_code,dish_code,dish_name) VALUES ('bddf7f','ol6mt51h3l','Meatballs with Sauce');
INSERT INTO dishes (hotel_code,dish_code,dish_name) VALUES ('bddf7f','yml9irk0a5','Pizza');
INSERT INTO dishes (hotel_code,dish_code,dish_name) VALUES ('bddf7f','vi1lau4yyv','Kebab');
INSERT INTO dishes (hotel_code,dish_code,dish_name) VALUES ('830158','stgti5le9l','Mushroom Risotto');
INSERT INTO dishes (hotel_code,dish_code,dish_name) VALUES ('830158','81zs984358','Bruschette with Tomato');
INSERT INTO dishes (hotel_code,dish_code,dish_name) VALUES ('830158','531bg8pdqm','Poke');
INSERT INTO dishes (hotel_code,dish_code,dish_name) VALUES ('6aee6c','x4za4fxoep','Pasta Carbonara');
INSERT INTO dishes (hotel_code,dish_code,dish_name) VALUES ('6aee6c','elegf844hg','Fish and Chips');
INSERT INTO dishes (hotel_code,dish_code,dish_name) VALUES ('6aee6c','ko4apcn2gj','Chicken Parm');
INSERT INTO dishes (hotel_code,dish_code,dish_name) VALUES ('6aee6c','ghmf4u3ax3','Pork Belly Buns');
INSERT INTO dishes (hotel_code,dish_code,dish_name) VALUES ('f33956','a020ys0m42','Pasta with Tomato and Basil');
INSERT INTO dishes (hotel_code,dish_code,dish_name) VALUES ('f33956','5rsc4dbb2r','Peking Duck');
INSERT INTO dishes (hotel_code,dish_code,dish_name) VALUES ('f33956','nf2o2039ko','Philadelphia Maki');
INSERT INTO dishes (hotel_code,dish_code,dish_name) VALUES ('f33956','d6y2qnp0x1','Cheeseburger');
INSERT INTO dishes (hotel_code,dish_code,dish_name) VALUES ('f33956','y0l1zlmmbb','Risotto with Seafood');
INSERT INTO dishes (hotel_code,dish_code,dish_name) VALUES ('a6c0ca','cm5xzlokzb','Vegetable Soup');
INSERT INTO dishes (hotel_code,dish_code,dish_name) VALUES ('a6c0ca','4p1ppwfrhc','Teriyaki Chicken Donburi');
INSERT INTO dishes (hotel_code,dish_code,dish_name) VALUES ('a6c0ca','rwv9m4wqnz','Katsu Curry');
INSERT INTO dishes (hotel_code,dish_code,dish_name) VALUES ('a6c0ca','d6y2qnp0x1','Cheeseburger');
INSERT INTO dishes (hotel_code,dish_code,dish_name) VALUES ('2b9632','nf2o2039ko','Philadelphia Maki');
INSERT INTO dishes (hotel_code,dish_code,dish_name) VALUES ('2b9632','yml9irk0a5','Pizza');
INSERT INTO dishes (hotel_code,dish_code,dish_name) VALUES ('2b9632','ih5le14t4m','French Toast');
INSERT INTO dishes (hotel_code,dish_code,dish_name) VALUES ('2b9632','y7mg6phgc3','Seafood Paella');
INSERT INTO dishes (hotel_code,dish_code,dish_name) VALUES ('81b691','gk6ka6s7da','Souvlaki');
INSERT INTO dishes (hotel_code,dish_code,dish_name) VALUES ('81b691','23d3rxhks8','Stinky Tofu');
INSERT INTO dishes (hotel_code,dish_code,dish_name) VALUES ('81b691','1blep55qd5','Pierogi');
INSERT INTO dishes (hotel_code,dish_code,dish_name) VALUES ('81b691','01ohitllms','Ricotta Stuffed Ravioli');
INSERT INTO dishes (hotel_code,dish_code,dish_name) VALUES ('81b691','yml9irk0a5','Pizza');
INSERT INTO dishes (hotel_code,dish_code,dish_name) VALUES ('bf1451','rkvyfkgvfm','Tiramisù');
INSERT INTO dishes (hotel_code,dish_code,dish_name) VALUES ('bf1451','rwv9m4wqnz','Katsu Curry');
INSERT INTO dishes (hotel_code,dish_code,dish_name) VALUES ('bf1451','eadqntic71','Lasagne');
INSERT INTO dishes (hotel_code,dish_code,dish_name) VALUES ('bf1451','x6afj5jzkb','Chicken Milanese');
INSERT INTO dishes (hotel_code,dish_code,dish_name) VALUES ('62f9a1','7ue4qbu7qa','Barbecue Ribs');
INSERT INTO dishes (hotel_code,dish_code,dish_name) VALUES ('62f9a1','hso8v23cou','Chicken Fajitas');
INSERT INTO dishes (hotel_code,dish_code,dish_name) VALUES ('62f9a1','vi1lau4yyv','Kebab');
INSERT INTO dishes (hotel_code,dish_code,dish_name) VALUES ('5a60a2','on73m0h33t','Arepas');
INSERT INTO dishes (hotel_code,dish_code,dish_name) VALUES ('5a60a2','q8olf6up4z','Tacos');
INSERT INTO dishes (hotel_code,dish_code,dish_name) VALUES ('5a60a2','6w6vhwtdoj','Pho');
INSERT INTO dishes (hotel_code,dish_code,dish_name) VALUES ('fb3697','uj7ebs468z','Sushi');
INSERT INTO dishes (hotel_code,dish_code,dish_name) VALUES ('fb3697','y7pgn6hv12','Pappardelle alla Bolognese');
INSERT INTO dishes (hotel_code,dish_code,dish_name) VALUES ('fb3697','ol6mt51h3l','Meatballs with Sauce');
INSERT INTO dishes (hotel_code,dish_code,dish_name) VALUES ('fb3697','oey6l9pp36','Chilli con Carne');
INSERT INTO dishes (hotel_code,dish_code,dish_name) VALUES ('b43938','rkvyfkgvfm','Tiramisù');
INSERT INTO dishes (hotel_code,dish_code,dish_name) VALUES ('b43938','7ue4qbu7qa','Barbecue Ribs');
INSERT INTO dishes (hotel_code,dish_code,dish_name) VALUES ('b43938','ol6mt51h3l','Meatballs with Sauce');
INSERT INTO dishes (hotel_code,dish_code,dish_name) VALUES ('b43938','7tye3efo1x','Tuna Sashimi');
INSERT INTO dishes (hotel_code,dish_code,dish_name) VALUES ('b43938','01ohitllms','Ricotta Stuffed Ravioli');
INSERT INTO dishes (hotel_code,dish_code,dish_name) VALUES ('473558','81zs984358','Bruschette with Tomato');
INSERT INTO dishes (hotel_code,dish_code,dish_name) VALUES ('473558','y7pgn6hv12','Pappardelle alla Bolognese');
INSERT INTO dishes (hotel_code,dish_code,dish_name) VALUES ('473558','uj7ebs468z','Sushi');
INSERT INTO dishes (hotel_code,dish_code,dish_name) VALUES ('473558','npczt5stjn','Cauliflower Penne');
INSERT INTO dishes (hotel_code,dish_code,dish_name) VALUES ('473558','y7mg6phgc3','Seafood Paella');
INSERT INTO dishes (hotel_code,dish_code,dish_name) VALUES ('19cde0','eadqntic71','Lasagne');
INSERT INTO dishes (hotel_code,dish_code,dish_name) VALUES ('19cde0','2t8xe2q9ah','Fettuccine Alfredo');
INSERT INTO dishes (hotel_code,dish_code,dish_name) VALUES ('19cde0','nf2o2039ko','Philadelphia Maki');
INSERT INTO dishes (hotel_code,dish_code,dish_name) VALUES ('666d38','nf2o2039ko','Philadelphia Maki');
INSERT INTO dishes (hotel_code,dish_code,dish_name) VALUES ('666d38','06dztnjsow','Poutine');
INSERT INTO dishes (hotel_code,dish_code,dish_name) VALUES ('666d38','0cef50f6bg','French Fries with Sausages');
INSERT INTO dishes (hotel_code,dish_code,dish_name) VALUES ('b226df','hso8v23cou','Chicken Fajitas');
INSERT INTO dishes (hotel_code,dish_code,dish_name) VALUES ('b226df','y7mg6phgc3','Seafood Paella');
INSERT INTO dishes (hotel_code,dish_code,dish_name) VALUES ('b226df','stgti5le9l','Mushroom Risotto');
INSERT INTO dishes (hotel_code,dish_code,dish_name) VALUES ('d9e99d','rwv9m4wqnz','Katsu Curry');
INSERT INTO dishes (hotel_code,dish_code,dish_name) VALUES ('d9e99d','y0l1zlmmbb','Risotto with Seafood');
INSERT INTO dishes (hotel_code,dish_code,dish_name) VALUES ('d9e99d','stgti5le9l','Mushroom Risotto');
INSERT INTO dishes (hotel_code,dish_code,dish_name) VALUES ('d9e99d','n979pyy5zw','Pork Sausage Roll');
INSERT INTO dishes (hotel_code,dish_code,dish_name) VALUES ('d39f32','cm5xzlokzb','Vegetable Soup');
INSERT INTO dishes (hotel_code,dish_code,dish_name) VALUES ('d39f32','1blep55qd5','Pierogi');
INSERT INTO dishes (hotel_code,dish_code,dish_name) VALUES ('d39f32','531bg8pdqm','Poke');
INSERT INTO dishes (hotel_code,dish_code,dish_name) VALUES ('d39f32','7tye3efo1x','Tuna Sashimi');
INSERT INTO dishes (hotel_code,dish_code,dish_name) VALUES ('b3e5a6','zw4xwxjmho','California Maki');
INSERT INTO dishes (hotel_code,dish_code,dish_name) VALUES ('b3e5a6','y7mg6phgc3','Seafood Paella');
INSERT INTO dishes (hotel_code,dish_code,dish_name) VALUES ('b3e5a6','yml9irk0a5','Pizza');
INSERT INTO dishes (hotel_code,dish_code,dish_name) VALUES ('ccf7b1','5rsc4dbb2r','Peking Duck');
INSERT INTO dishes (hotel_code,dish_code,dish_name) VALUES ('ccf7b1','9912fhakjz','Caprese Salad');
INSERT INTO dishes (hotel_code,dish_code,dish_name) VALUES ('ccf7b1','ukcxl8vz6h','Ebiten maki');
INSERT INTO dishes (hotel_code,dish_code,dish_name) VALUES ('ccf7b1','4p1ppwfrhc','Teriyaki Chicken Donburi');
INSERT INTO dishes (hotel_code,dish_code,dish_name) VALUES ('ccf7b1','ko4apcn2gj','Chicken Parm');
INSERT INTO dishes (hotel_code,dish_code,dish_name) VALUES ('58d643','4p1ppwfrhc','Teriyaki Chicken Donburi');
INSERT INTO dishes (hotel_code,dish_code,dish_name) VALUES ('58d643','elegf844hg','Fish and Chips');
INSERT INTO dishes (hotel_code,dish_code,dish_name) VALUES ('58d643','mczr5mckm1','Som Tam');
INSERT INTO dishes (hotel_code,dish_code,dish_name) VALUES ('192ea8','vi1lau4yyv','Kebab');
INSERT INTO dishes (hotel_code,dish_code,dish_name) VALUES ('192ea8','a020ys0m42','Pasta with Tomato and Basil');
INSERT INTO dishes (hotel_code,dish_code,dish_name) VALUES ('192ea8','oey6l9pp36','Chilli con Carne');
INSERT INTO dishes (hotel_code,dish_code,dish_name) VALUES ('192ea8','stgti5le9l','Mushroom Risotto');
INSERT INTO dishes (hotel_code,dish_code,dish_name) VALUES ('192ea8','npczt5stjn','Cauliflower Penne');
INSERT INTO dishes (hotel_code,dish_code,dish_name) VALUES ('9fa75e','vi1lau4yyv','Kebab');
INSERT INTO dishes (hotel_code,dish_code,dish_name) VALUES ('9fa75e','1blep55qd5','Pierogi');
INSERT INTO dishes (hotel_code,dish_code,dish_name) VALUES ('9fa75e','rkvyfkgvfm','Tiramisù');
INSERT INTO dishes (hotel_code,dish_code,dish_name) VALUES ('9fa75e','nf2o2039ko','Philadelphia Maki');
INSERT INTO dishes (hotel_code,dish_code,dish_name) VALUES ('74b0bd','cm5xzlokzb','Vegetable Soup');
INSERT INTO dishes (hotel_code,dish_code,dish_name) VALUES ('74b0bd','ukcxl8vz6h','Ebiten maki');
INSERT INTO dishes (hotel_code,dish_code,dish_name) VALUES ('74b0bd','0cef50f6bg','French Fries with Sausages');
INSERT INTO dishes (hotel_code,dish_code,dish_name) VALUES ('74b0bd','on73m0h33t','Arepas');
INSERT INTO dishes (hotel_code,dish_code,dish_name) VALUES ('74b0bd','y7mg6phgc3','Seafood Paella');
INSERT INTO dishes (hotel_code,dish_code,dish_name) VALUES ('fa6670','hso8v23cou','Chicken Fajitas');
INSERT INTO dishes (hotel_code,dish_code,dish_name) VALUES ('fa6670','4p1ppwfrhc','Teriyaki Chicken Donburi');
INSERT INTO dishes (hotel_code,dish_code,dish_name) VALUES ('fa6670','n979pyy5zw','Pork Sausage Roll');
INSERT INTO dishes (hotel_code,dish_code,dish_name) VALUES ('fa6670','a020ys0m42','Pasta with Tomato and Basil');
INSERT INTO dishes (hotel_code,dish_code,dish_name) VALUES ('a0ba23','stgti5le9l','Mushroom Risotto');
INSERT INTO dishes (hotel_code,dish_code,dish_name) VALUES ('a0ba23','z5vbirbe8w','Caesar Salad');
INSERT INTO dishes (hotel_code,dish_code,dish_name) VALUES ('a0ba23','ol6mt51h3l','Meatballs with Sauce');
INSERT INTO dishes (hotel_code,dish_code,dish_name) VALUES ('a0ba23','9912fhakjz','Caprese Salad');
INSERT INTO dishes (hotel_code,dish_code,dish_name) VALUES ('a0ba23','elegf844hg','Fish and Chips');
INSERT INTO dishes (hotel_code,dish_code,dish_name) VALUES ('5960f1','mczr5mckm1','Som Tam');
INSERT INTO dishes (hotel_code,dish_code,dish_name) VALUES ('5960f1','elegf844hg','Fish and Chips');
INSERT INTO dishes (hotel_code,dish_code,dish_name) VALUES ('5960f1','531bg8pdqm','Poke');
INSERT INTO dishes (hotel_code,dish_code,dish_name) VALUES ('5960f1','x4za4fxoep','Pasta Carbonara');
INSERT INTO dishes (hotel_code,dish_code,dish_name) VALUES ('6e73b8','ih5le14t4m','French Toast');
INSERT INTO dishes (hotel_code,dish_code,dish_name) VALUES ('6e73b8','ghmf4u3ax3','Pork Belly Buns');
INSERT INTO dishes (hotel_code,dish_code,dish_name) VALUES ('6e73b8','x6afj5jzkb','Chicken Milanese');
INSERT INTO dishes (hotel_code,dish_code,dish_name) VALUES ('6e73b8','4p1ppwfrhc','Teriyaki Chicken Donburi');
INSERT INTO dishes (hotel_code,dish_code,dish_name) VALUES ('09fe2e','7tye3efo1x','Tuna Sashimi');
INSERT INTO dishes (hotel_code,dish_code,dish_name) VALUES ('09fe2e','oey6l9pp36','Chilli con Carne');
INSERT INTO dishes (hotel_code,dish_code,dish_name) VALUES ('09fe2e','x4za4fxoep','Pasta Carbonara');
INSERT INTO dishes (hotel_code,dish_code,dish_name) VALUES ('b6bb38','vi1lau4yyv','Kebab');
INSERT INTO dishes (hotel_code,dish_code,dish_name) VALUES ('b6bb38','81zs984358','Bruschette with Tomato');
INSERT INTO dishes (hotel_code,dish_code,dish_name) VALUES ('b6bb38','06dztnjsow','Poutine');
INSERT INTO dishes (hotel_code,dish_code,dish_name) VALUES ('b6bb38','23d3rxhks8','Stinky Tofu');
INSERT INTO dishes (hotel_code,dish_code,dish_name) VALUES ('eec0c4','npczt5stjn','Cauliflower Penne');
INSERT INTO dishes (hotel_code,dish_code,dish_name) VALUES ('eec0c4','d6y2qnp0x1','Cheeseburger');
INSERT INTO dishes (hotel_code,dish_code,dish_name) VALUES ('eec0c4','gtauvoyvfj','Massaman Curry');
INSERT INTO dishes (hotel_code,dish_code,dish_name) VALUES ('eec0c4','4p1ppwfrhc','Teriyaki Chicken Donburi');
INSERT INTO dishes (hotel_code,dish_code,dish_name) VALUES ('eec0c4','s74qxnkmv3','Scotch Eggs');
INSERT INTO dishes (hotel_code,dish_code,dish_name) VALUES ('763cf2','531bg8pdqm','Poke');
INSERT INTO dishes (hotel_code,dish_code,dish_name) VALUES ('763cf2','6w6vhwtdoj','Pho');
INSERT INTO dishes (hotel_code,dish_code,dish_name) VALUES ('763cf2','oey6l9pp36','Chilli con Carne');
INSERT INTO dishes (hotel_code,dish_code,dish_name) VALUES ('763cf2','b57o9wj49y','Linguine with Clams');
INSERT INTO dishes (hotel_code,dish_code,dish_name) VALUES ('bbb8cc','vi1lau4yyv','Kebab');
INSERT INTO dishes (hotel_code,dish_code,dish_name) VALUES ('bbb8cc','d6y2qnp0x1','Cheeseburger');
INSERT INTO dishes (hotel_code,dish_code,dish_name) VALUES ('bbb8cc','oey6l9pp36','Chilli con Carne');
INSERT INTO dishes (hotel_code,dish_code,dish_name) VALUES ('2fc1aa','4p1ppwfrhc','Teriyaki Chicken Donburi');
INSERT INTO dishes (hotel_code,dish_code,dish_name) VALUES ('2fc1aa','2zgeg39dtt','Pasta and Beans');
INSERT INTO dishes (hotel_code,dish_code,dish_name) VALUES ('2fc1aa','uj7ebs468z','Sushi');
INSERT INTO dishes (hotel_code,dish_code,dish_name) VALUES ('d831b6','7tye3efo1x','Tuna Sashimi');
INSERT INTO dishes (hotel_code,dish_code,dish_name) VALUES ('d831b6','d6y2qnp0x1','Cheeseburger');
INSERT INTO dishes (hotel_code,dish_code,dish_name) VALUES ('d831b6','yml9irk0a5','Pizza');
INSERT INTO dishes (hotel_code,dish_code,dish_name) VALUES ('d831b6','y7mg6phgc3','Seafood Paella');
INSERT INTO dishes (hotel_code,dish_code,dish_name) VALUES ('d831b6','x4za4fxoep','Pasta Carbonara');
INSERT INTO dishes (hotel_code,dish_code,dish_name) VALUES ('9ffe2b','zw4xwxjmho','California Maki');
INSERT INTO dishes (hotel_code,dish_code,dish_name) VALUES ('9ffe2b','y7pgn6hv12','Pappardelle alla Bolognese');
INSERT INTO dishes (hotel_code,dish_code,dish_name) VALUES ('9ffe2b','2zgeg39dtt','Pasta and Beans');
INSERT INTO dishes (hotel_code,dish_code,dish_name) VALUES ('9ffe2b','d6y2qnp0x1','Cheeseburger');
INSERT INTO dishes (hotel_code,dish_code,dish_name) VALUES ('9ffe2b','uj7ebs468z','Sushi');
INSERT INTO dishes (hotel_code,dish_code,dish_name) VALUES ('ea276d','2t8xe2q9ah','Fettuccine Alfredo');
INSERT INTO dishes (hotel_code,dish_code,dish_name) VALUES ('ea276d','ol6mt51h3l','Meatballs with Sauce');
INSERT INTO dishes (hotel_code,dish_code,dish_name) VALUES ('ea276d','y0l1zlmmbb','Risotto with Seafood');
INSERT INTO dishes (hotel_code,dish_code,dish_name) VALUES ('ea276d','q8olf6up4z','Tacos');
INSERT INTO dishes (hotel_code,dish_code,dish_name) VALUES ('f4aa0e','6w6vhwtdoj','Pho');
INSERT INTO dishes (hotel_code,dish_code,dish_name) VALUES ('f4aa0e','n979pyy5zw','Pork Sausage Roll');
INSERT INTO dishes (hotel_code,dish_code,dish_name) VALUES ('f4aa0e','5rsc4dbb2r','Peking Duck');
INSERT INTO dishes (hotel_code,dish_code,dish_name) VALUES ('f4aa0e','oey6l9pp36','Chilli con Carne');
INSERT INTO dishes (hotel_code,dish_code,dish_name) VALUES ('77acdb','y0l1zlmmbb','Risotto with Seafood');
INSERT INTO dishes (hotel_code,dish_code,dish_name) VALUES ('77acdb','uj7ebs468z','Sushi');
INSERT INTO dishes (hotel_code,dish_code,dish_name) VALUES ('77acdb','d6y2qnp0x1','Cheeseburger');
INSERT INTO dishes (hotel_code,dish_code,dish_name) VALUES ('77acdb','1blep55qd5','Pierogi');
INSERT INTO dishes (hotel_code,dish_code,dish_name) VALUES ('cd9c71','c7a3g42rvt','Bunny Chow');
INSERT INTO dishes (hotel_code,dish_code,dish_name) VALUES ('cd9c71','oey6l9pp36','Chilli con Carne');
INSERT INTO dishes (hotel_code,dish_code,dish_name) VALUES ('cd9c71','k9qctq33jo','Chicken Wings');
INSERT INTO dishes (hotel_code,dish_code,dish_name) VALUES ('cd9c71','eadqntic71','Lasagne');
INSERT INTO dishes (hotel_code,dish_code,dish_name) VALUES ('cd9c71','ghmf4u3ax3','Pork Belly Buns');
INSERT INTO dishes (hotel_code,dish_code,dish_name) VALUES ('90f0c9','on73m0h33t','Arepas');
INSERT INTO dishes (hotel_code,dish_code,dish_name) VALUES ('90f0c9','rkvyfkgvfm','Tiramisù');
INSERT INTO dishes (hotel_code,dish_code,dish_name) VALUES ('90f0c9','ukcxl8vz6h','Ebiten maki');
INSERT INTO dishes (hotel_code,dish_code,dish_name) VALUES ('90f0c9','2t8xe2q9ah','Fettuccine Alfredo');
INSERT INTO dishes (hotel_code,dish_code,dish_name) VALUES ('e9807c','7tye3efo1x','Tuna Sashimi');
INSERT INTO dishes (hotel_code,dish_code,dish_name) VALUES ('e9807c','y7mg6phgc3','Seafood Paella');
INSERT INTO dishes (hotel_code,dish_code,dish_name) VALUES ('e9807c','s74qxnkmv3','Scotch Eggs');
INSERT INTO dishes (hotel_code,dish_code,dish_name) VALUES ('010ded','x4za4fxoep','Pasta Carbonara');
INSERT INTO dishes (hotel_code,dish_code,dish_name) VALUES ('010ded','zw4xwxjmho','California Maki');
INSERT INTO dishes (hotel_code,dish_code,dish_name) VALUES ('010ded','eadqntic71','Lasagne');
INSERT INTO dishes (hotel_code,dish_code,dish_name) VALUES ('010ded','81zs984358','Bruschette with Tomato');
INSERT INTO dishes (hotel_code,dish_code,dish_name) VALUES ('70e5d3','k9qctq33jo','Chicken Wings');
INSERT INTO dishes (hotel_code,dish_code,dish_name) VALUES ('70e5d3','ko4apcn2gj','Chicken Parm');
INSERT INTO dishes (hotel_code,dish_code,dish_name) VALUES ('70e5d3','cm5xzlokzb','Vegetable Soup');
INSERT INTO dishes (hotel_code,dish_code,dish_name) VALUES ('70e5d3','uj7ebs468z','Sushi');
INSERT INTO dishes (hotel_code,dish_code,dish_name) VALUES ('a9658f','1blep55qd5','Pierogi');
INSERT INTO dishes (hotel_code,dish_code,dish_name) VALUES ('a9658f','vi1lau4yyv','Kebab');
INSERT INTO dishes (hotel_code,dish_code,dish_name) VALUES ('a9658f','01ohitllms','Ricotta Stuffed Ravioli');
INSERT INTO dishes (hotel_code,dish_code,dish_name) VALUES ('a9658f','yml9irk0a5','Pizza');
INSERT INTO dishes (hotel_code,dish_code,dish_name) VALUES ('d20fe0','81zs984358','Bruschette with Tomato');
INSERT INTO dishes (hotel_code,dish_code,dish_name) VALUES ('d20fe0','c7a3g42rvt','Bunny Chow');
INSERT INTO dishes (hotel_code,dish_code,dish_name) VALUES ('d20fe0','gtauvoyvfj','Massaman Curry');
INSERT INTO dishes (hotel_code,dish_code,dish_name) VALUES ('d20fe0','x4za4fxoep','Pasta Carbonara');
INSERT INTO dishes (hotel_code,dish_code,dish_name) VALUES ('d20fe0','oey6l9pp36','Chilli con Carne');
INSERT INTO dishes (hotel_code,dish_code,dish_name) VALUES ('a70183','y7mg6phgc3','Seafood Paella');
INSERT INTO dishes (hotel_code,dish_code,dish_name) VALUES ('a70183','gtauvoyvfj','Massaman Curry');
INSERT INTO dishes (hotel_code,dish_code,dish_name) VALUES ('a70183','zw4xwxjmho','California Maki');
INSERT INTO dishes (hotel_code,dish_code,dish_name) VALUES ('a70183','uj7ebs468z','Sushi');
INSERT INTO dishes (hotel_code,dish_code,dish_name) VALUES ('f81839','n979pyy5zw','Pork Sausage Roll');
INSERT INTO dishes (hotel_code,dish_code,dish_name) VALUES ('f81839','ukcxl8vz6h','Ebiten maki');
INSERT INTO dishes (hotel_code,dish_code,dish_name) VALUES ('f81839','eadqntic71','Lasagne');
INSERT INTO dishes (hotel_code,dish_code,dish_name) VALUES ('f81839','y7pgn6hv12','Pappardelle alla Bolognese');
INSERT INTO dishes (hotel_code,dish_code,dish_name) VALUES ('f81839','a020ys0m42','Pasta with Tomato and Basil');
INSERT INTO dishes (hotel_code,dish_code,dish_name) VALUES ('011289','23d3rxhks8','Stinky Tofu');
INSERT INTO dishes (hotel_code,dish_code,dish_name) VALUES ('011289','gk6ka6s7da','Souvlaki');
INSERT INTO dishes (hotel_code,dish_code,dish_name) VALUES ('011289','hso8v23cou','Chicken Fajitas');
INSERT INTO dishes (hotel_code,dish_code,dish_name) VALUES ('b5177b','ih5le14t4m','French Toast');
INSERT INTO dishes (hotel_code,dish_code,dish_name) VALUES ('b5177b','d6y2qnp0x1','Cheeseburger');
INSERT INTO dishes (hotel_code,dish_code,dish_name) VALUES ('b5177b','ol6mt51h3l','Meatballs with Sauce');
INSERT INTO dishes (hotel_code,dish_code,dish_name) VALUES ('b5177b','rwv9m4wqnz','Katsu Curry');
INSERT INTO dishes (hotel_code,dish_code,dish_name) VALUES ('b5177b','mczr5mckm1','Som Tam');
INSERT INTO dishes (hotel_code,dish_code,dish_name) VALUES ('54f463','2zgeg39dtt','Pasta and Beans');
INSERT INTO dishes (hotel_code,dish_code,dish_name) VALUES ('54f463','ghmf4u3ax3','Pork Belly Buns');
INSERT INTO dishes (hotel_code,dish_code,dish_name) VALUES ('54f463','y7pgn6hv12','Pappardelle alla Bolognese');
INSERT INTO dishes (hotel_code,dish_code,dish_name) VALUES ('54f463','azi3c2yxau','Salmon Nigiri');
INSERT INTO dishes (hotel_code,dish_code,dish_name) VALUES ('d626ba','531bg8pdqm','Poke');
INSERT INTO dishes (hotel_code,dish_code,dish_name) VALUES ('d626ba','ukcxl8vz6h','Ebiten maki');
INSERT INTO dishes (hotel_code,dish_code,dish_name) VALUES ('d626ba','zw4xwxjmho','California Maki');
INSERT INTO dishes (hotel_code,dish_code,dish_name) VALUES ('d626ba','y0l1zlmmbb','Risotto with Seafood');
INSERT INTO dishes (hotel_code,dish_code,dish_name) VALUES ('d626ba','npczt5stjn','Cauliflower Penne');
INSERT INTO dishes (hotel_code,dish_code,dish_name) VALUES ('b3c919','4p1ppwfrhc','Teriyaki Chicken Donburi');
INSERT INTO dishes (hotel_code,dish_code,dish_name) VALUES ('b3c919','rwv9m4wqnz','Katsu Curry');
INSERT INTO dishes (hotel_code,dish_code,dish_name) VALUES ('b3c919','2zgeg39dtt','Pasta and Beans');
INSERT INTO dishes (hotel_code,dish_code,dish_name) VALUES ('b3c919','k9qctq33jo','Chicken Wings');
INSERT INTO dishes (hotel_code,dish_code,dish_name) VALUES ('b3c919','y0l1zlmmbb','Risotto with Seafood');
INSERT INTO dishes (hotel_code,dish_code,dish_name) VALUES ('1b0530','nf2o2039ko','Philadelphia Maki');
INSERT INTO dishes (hotel_code,dish_code,dish_name) VALUES ('1b0530','531bg8pdqm','Poke');
INSERT INTO dishes (hotel_code,dish_code,dish_name) VALUES ('1b0530','x4za4fxoep','Pasta Carbonara');
INSERT INTO dishes (hotel_code,dish_code,dish_name) VALUES ('1b0530','7ue4qbu7qa','Barbecue Ribs');
INSERT INTO dishes (hotel_code,dish_code,dish_name) VALUES ('1b0530','ukcxl8vz6h','Ebiten maki');
INSERT INTO dishes (hotel_code,dish_code,dish_name) VALUES ('e5e97f','k9qctq33jo','Chicken Wings');
INSERT INTO dishes (hotel_code,dish_code,dish_name) VALUES ('e5e97f','eadqntic71','Lasagne');
INSERT INTO dishes (hotel_code,dish_code,dish_name) VALUES ('e5e97f','ko4apcn2gj','Chicken Parm');
INSERT INTO dishes (hotel_code,dish_code,dish_name) VALUES ('e5e97f','rwv9m4wqnz','Katsu Curry');
INSERT INTO dishes (hotel_code,dish_code,dish_name) VALUES ('408ddf','a020ys0m42','Pasta with Tomato and Basil');
INSERT INTO dishes (hotel_code,dish_code,dish_name) VALUES ('408ddf','1blep55qd5','Pierogi');
INSERT INTO dishes (hotel_code,dish_code,dish_name) VALUES ('408ddf','nf2o2039ko','Philadelphia Maki');
INSERT INTO dishes (hotel_code,dish_code,dish_name) VALUES ('408ddf','yml9irk0a5','Pizza');
INSERT INTO dishes (hotel_code,dish_code,dish_name) VALUES ('3a7665','2t8xe2q9ah','Fettuccine Alfredo');
INSERT INTO dishes (hotel_code,dish_code,dish_name) VALUES ('3a7665','7tye3efo1x','Tuna Sashimi');
INSERT INTO dishes (hotel_code,dish_code,dish_name) VALUES ('3a7665','nf2o2039ko','Philadelphia Maki');
INSERT INTO dishes (hotel_code,dish_code,dish_name) VALUES ('3a7665','81zs984358','Bruschette with Tomato');
INSERT INTO dishes (hotel_code,dish_code,dish_name) VALUES ('12fb03','ukcxl8vz6h','Ebiten maki');
INSERT INTO dishes (hotel_code,dish_code,dish_name) VALUES ('12fb03','9912fhakjz','Caprese Salad');
INSERT INTO dishes (hotel_code,dish_code,dish_name) VALUES ('12fb03','mczr5mckm1','Som Tam');
INSERT INTO dishes (hotel_code,dish_code,dish_name) VALUES ('5e66be','7tye3efo1x','Tuna Sashimi');
INSERT INTO dishes (hotel_code,dish_code,dish_name) VALUES ('5e66be','a020ys0m42','Pasta with Tomato and Basil');
INSERT INTO dishes (hotel_code,dish_code,dish_name) VALUES ('5e66be','y7mg6phgc3','Seafood Paella');
INSERT INTO dishes (hotel_code,dish_code,dish_name) VALUES ('3f04ce','oey6l9pp36','Chilli con Carne');
INSERT INTO dishes (hotel_code,dish_code,dish_name) VALUES ('3f04ce','81zs984358','Bruschette with Tomato');
INSERT INTO dishes (hotel_code,dish_code,dish_name) VALUES ('3f04ce','ol6mt51h3l','Meatballs with Sauce');
INSERT INTO dishes (hotel_code,dish_code,dish_name) VALUES ('3d5188','s74qxnkmv3','Scotch Eggs');
INSERT INTO dishes (hotel_code,dish_code,dish_name) VALUES ('3d5188','stgti5le9l','Mushroom Risotto');
INSERT INTO dishes (hotel_code,dish_code,dish_name) VALUES ('3d5188','0cef50f6bg','French Fries with Sausages');
INSERT INTO dishes (hotel_code,dish_code,dish_name) VALUES ('659ead','hso8v23cou','Chicken Fajitas');
INSERT INTO dishes (hotel_code,dish_code,dish_name) VALUES ('659ead','531bg8pdqm','Poke');
INSERT INTO dishes (hotel_code,dish_code,dish_name) VALUES ('659ead','2zgeg39dtt','Pasta and Beans');
INSERT INTO dishes (hotel_code,dish_code,dish_name) VALUES ('659ead','npczt5stjn','Cauliflower Penne');
INSERT INTO dishes (hotel_code,dish_code,dish_name) VALUES ('ffc734','s74qxnkmv3','Scotch Eggs');
INSERT INTO dishes (hotel_code,dish_code,dish_name) VALUES ('ffc734','0cef50f6bg','French Fries with Sausages');
INSERT INTO dishes (hotel_code,dish_code,dish_name) VALUES ('ffc734','2zgeg39dtt','Pasta and Beans');
INSERT INTO dishes (hotel_code,dish_code,dish_name) VALUES ('ffc734','rwv9m4wqnz','Katsu Curry');
INSERT INTO dishes (hotel_code,dish_code,dish_name) VALUES ('ffc734','d6y2qnp0x1','Cheeseburger');
INSERT INTO dishes (hotel_code,dish_code,dish_name) VALUES ('ff463d','0cef50f6bg','French Fries with Sausages');
INSERT INTO dishes (hotel_code,dish_code,dish_name) VALUES ('ff463d','cm5xzlokzb','Vegetable Soup');
INSERT INTO dishes (hotel_code,dish_code,dish_name) VALUES ('ff463d','elegf844hg','Fish and Chips');
INSERT INTO dishes (hotel_code,dish_code,dish_name) VALUES ('ff463d','zw4xwxjmho','California Maki');
INSERT INTO dishes (hotel_code,dish_code,dish_name) VALUES ('ff463d','ukcxl8vz6h','Ebiten maki');
INSERT INTO dishes (hotel_code,dish_code,dish_name) VALUES ('d743c3','01ohitllms','Ricotta Stuffed Ravioli');
INSERT INTO dishes (hotel_code,dish_code,dish_name) VALUES ('d743c3','5rsc4dbb2r','Peking Duck');
INSERT INTO dishes (hotel_code,dish_code,dish_name) VALUES ('d743c3','mczr5mckm1','Som Tam');
INSERT INTO dishes (hotel_code,dish_code,dish_name) VALUES ('e8cf12','1blep55qd5','Pierogi');
INSERT INTO dishes (hotel_code,dish_code,dish_name) VALUES ('e8cf12','rkvyfkgvfm','Tiramisù');
INSERT INTO dishes (hotel_code,dish_code,dish_name) VALUES ('e8cf12','01ohitllms','Ricotta Stuffed Ravioli');
INSERT INTO dishes (hotel_code,dish_code,dish_name) VALUES ('5a09e8','n979pyy5zw','Pork Sausage Roll');
INSERT INTO dishes (hotel_code,dish_code,dish_name) VALUES ('5a09e8','c7a3g42rvt','Bunny Chow');
INSERT INTO dishes (hotel_code,dish_code,dish_name) VALUES ('5a09e8','azi3c2yxau','Salmon Nigiri');
INSERT INTO dishes (hotel_code,dish_code,dish_name) VALUES ('5a09e8','gk6ka6s7da','Souvlaki');
INSERT INTO dishes (hotel_code,dish_code,dish_name) VALUES ('5a09e8','gtauvoyvfj','Massaman Curry');
INSERT INTO dishes (hotel_code,dish_code,dish_name) VALUES ('2d6c79','d6y2qnp0x1','Cheeseburger');
INSERT INTO dishes (hotel_code,dish_code,dish_name) VALUES ('2d6c79','ghmf4u3ax3','Pork Belly Buns');
INSERT INTO dishes (hotel_code,dish_code,dish_name) VALUES ('2d6c79','rkvyfkgvfm','Tiramisù');
INSERT INTO dishes (hotel_code,dish_code,dish_name) VALUES ('2d6c79','elegf844hg','Fish and Chips');
INSERT INTO dishes (hotel_code,dish_code,dish_name) VALUES ('2d6c79','rwv9m4wqnz','Katsu Curry');
INSERT INTO dishes (hotel_code,dish_code,dish_name) VALUES ('d2bf96','nf2o2039ko','Philadelphia Maki');
INSERT INTO dishes (hotel_code,dish_code,dish_name) VALUES ('d2bf96','n979pyy5zw','Pork Sausage Roll');
INSERT INTO dishes (hotel_code,dish_code,dish_name) VALUES ('d2bf96','oey6l9pp36','Chilli con Carne');
INSERT INTO dishes (hotel_code,dish_code,dish_name) VALUES ('d2bf96','mczr5mckm1','Som Tam');
INSERT INTO dishes (hotel_code,dish_code,dish_name) VALUES ('161b84','eadqntic71','Lasagne');
INSERT INTO dishes (hotel_code,dish_code,dish_name) VALUES ('161b84','oey6l9pp36','Chilli con Carne');
INSERT INTO dishes (hotel_code,dish_code,dish_name) VALUES ('161b84','ih5le14t4m','French Toast');
INSERT INTO dishes (hotel_code,dish_code,dish_name) VALUES ('161b84','23d3rxhks8','Stinky Tofu');
INSERT INTO dishes (hotel_code,dish_code,dish_name) VALUES ('161b84','y7mg6phgc3','Seafood Paella');
INSERT INTO dishes (hotel_code,dish_code,dish_name) VALUES ('616bd5','rkvyfkgvfm','Tiramisù');
INSERT INTO dishes (hotel_code,dish_code,dish_name) VALUES ('616bd5','x4za4fxoep','Pasta Carbonara');
INSERT INTO dishes (hotel_code,dish_code,dish_name) VALUES ('616bd5','1blep55qd5','Pierogi');
INSERT INTO dishes (hotel_code,dish_code,dish_name) VALUES ('d7b26d','vi1lau4yyv','Kebab');
INSERT INTO dishes (hotel_code,dish_code,dish_name) VALUES ('d7b26d','01ohitllms','Ricotta Stuffed Ravioli');
INSERT INTO dishes (hotel_code,dish_code,dish_name) VALUES ('d7b26d','stgti5le9l','Mushroom Risotto');
INSERT INTO dishes (hotel_code,dish_code,dish_name) VALUES ('d7b26d','on73m0h33t','Arepas');
INSERT INTO dishes (hotel_code,dish_code,dish_name) VALUES ('458565','gk6ka6s7da','Souvlaki');
INSERT INTO dishes (hotel_code,dish_code,dish_name) VALUES ('458565','ol6mt51h3l','Meatballs with Sauce');
INSERT INTO dishes (hotel_code,dish_code,dish_name) VALUES ('458565','eadqntic71','Lasagne');
INSERT INTO dishes (hotel_code,dish_code,dish_name) VALUES ('c19797','oey6l9pp36','Chilli con Carne');
INSERT INTO dishes (hotel_code,dish_code,dish_name) VALUES ('c19797','gk6ka6s7da','Souvlaki');
INSERT INTO dishes (hotel_code,dish_code,dish_name) VALUES ('c19797','81zs984358','Bruschette with Tomato');
INSERT INTO dishes (hotel_code,dish_code,dish_name) VALUES ('c19797','azi3c2yxau','Salmon Nigiri');
INSERT INTO dishes (hotel_code,dish_code,dish_name) VALUES ('c19797','cm5xzlokzb','Vegetable Soup');
INSERT INTO dishes (hotel_code,dish_code,dish_name) VALUES ('a54f11','npczt5stjn','Cauliflower Penne');
INSERT INTO dishes (hotel_code,dish_code,dish_name) VALUES ('a54f11','s74qxnkmv3','Scotch Eggs');
INSERT INTO dishes (hotel_code,dish_code,dish_name) VALUES ('a54f11','eadqntic71','Lasagne');
INSERT INTO dishes (hotel_code,dish_code,dish_name) VALUES ('a54f11','mczr5mckm1','Som Tam');
INSERT INTO dishes (hotel_code,dish_code,dish_name) VALUES ('a54f11','7ue4qbu7qa','Barbecue Ribs');
INSERT INTO ingredients (dish_code,ingredient_name) VALUES ('ko4apcn2gj','Ham');
INSERT INTO ingredients (dish_code,ingredient_name) VALUES ('ko4apcn2gj','Rose Water');
INSERT INTO ingredients (dish_code,ingredient_name) VALUES ('ko4apcn2gj','Warehou');
INSERT INTO ingredients (dish_code,ingredient_name) VALUES ('ko4apcn2gj','Lychees');
INSERT INTO ingredients (dish_code,ingredient_name) VALUES ('ko4apcn2gj','Omega Spread');
INSERT INTO ingredients (dish_code,ingredient_name) VALUES ('ko4apcn2gj','Redfish');
INSERT INTO ingredients (dish_code,ingredient_name) VALUES ('ko4apcn2gj','Nuts');
INSERT INTO ingredients (dish_code,ingredient_name) VALUES ('ko4apcn2gj','Sunflower Seeds');
INSERT INTO ingredients (dish_code,ingredient_name) VALUES ('gtauvoyvfj','Silverbeet');
INSERT INTO ingredients (dish_code,ingredient_name) VALUES ('gtauvoyvfj','Apples');
INSERT INTO ingredients (dish_code,ingredient_name) VALUES ('gtauvoyvfj','Wakame');
INSERT INTO ingredients (dish_code,ingredient_name) VALUES ('gtauvoyvfj','Apricots');
INSERT INTO ingredients (dish_code,ingredient_name) VALUES ('gtauvoyvfj','Plums');
INSERT INTO ingredients (dish_code,ingredient_name) VALUES ('gtauvoyvfj','Pear Juice');
INSERT INTO ingredients (dish_code,ingredient_name) VALUES ('gtauvoyvfj','Cornmeal');
INSERT INTO ingredients (dish_code,ingredient_name) VALUES ('a020ys0m42','Cinnamon');
INSERT INTO ingredients (dish_code,ingredient_name) VALUES ('a020ys0m42','Sunflower Oil');
INSERT INTO ingredients (dish_code,ingredient_name) VALUES ('a020ys0m42','Cream Cheese');
INSERT INTO ingredients (dish_code,ingredient_name) VALUES ('a020ys0m42','Soymilk');
INSERT INTO ingredients (dish_code,ingredient_name) VALUES ('a020ys0m42','Tarragon');
INSERT INTO ingredients (dish_code,ingredient_name) VALUES ('a020ys0m42','Parsnip');
INSERT INTO ingredients (dish_code,ingredient_name) VALUES ('01ohitllms','Pecan Nut');
INSERT INTO ingredients (dish_code,ingredient_name) VALUES ('01ohitllms','Jasmine Rice');
INSERT INTO ingredients (dish_code,ingredient_name) VALUES ('01ohitllms','Sunflower Oil');
INSERT INTO ingredients (dish_code,ingredient_name) VALUES ('01ohitllms','Cornmeal');
INSERT INTO ingredients (dish_code,ingredient_name) VALUES ('01ohitllms','Bacon');
INSERT INTO ingredients (dish_code,ingredient_name) VALUES ('01ohitllms','Ham');
INSERT INTO ingredients (dish_code,ingredient_name) VALUES ('01ohitllms','Loquats');
INSERT INTO ingredients (dish_code,ingredient_name) VALUES ('y7mg6phgc3','Bonza');
INSERT INTO ingredients (dish_code,ingredient_name) VALUES ('y7mg6phgc3','Baking Powder');
INSERT INTO ingredients (dish_code,ingredient_name) VALUES ('y7mg6phgc3','Butter');
INSERT INTO ingredients (dish_code,ingredient_name) VALUES ('y7mg6phgc3','Strawberries');
INSERT INTO ingredients (dish_code,ingredient_name) VALUES ('y7mg6phgc3','Cream Cheese');
INSERT INTO ingredients (dish_code,ingredient_name) VALUES ('y7mg6phgc3','Peas');
INSERT INTO ingredients (dish_code,ingredient_name) VALUES ('vi1lau4yyv','Curry Powder');
INSERT INTO ingredients (dish_code,ingredient_name) VALUES ('vi1lau4yyv','Jasmine Rice');
INSERT INTO ingredients (dish_code,ingredient_name) VALUES ('vi1lau4yyv','Black Eyed Beans');
INSERT INTO ingredients (dish_code,ingredient_name) VALUES ('vi1lau4yyv','Feta');
INSERT INTO ingredients (dish_code,ingredient_name) VALUES ('vi1lau4yyv','Soymilk');
INSERT INTO ingredients (dish_code,ingredient_name) VALUES ('vi1lau4yyv','Vegetable Oil');
INSERT INTO ingredients (dish_code,ingredient_name) VALUES ('yml9irk0a5','Cornmeal');
INSERT INTO ingredients (dish_code,ingredient_name) VALUES ('yml9irk0a5','Cream Cheese');
INSERT INTO ingredients (dish_code,ingredient_name) VALUES ('yml9irk0a5','Achacha');
INSERT INTO ingredients (dish_code,ingredient_name) VALUES ('yml9irk0a5','Berries');
INSERT INTO ingredients (dish_code,ingredient_name) VALUES ('yml9irk0a5','Canola Oil');
INSERT INTO ingredients (dish_code,ingredient_name) VALUES ('yml9irk0a5','Mahlab');
INSERT INTO ingredients (dish_code,ingredient_name) VALUES ('yml9irk0a5','Smoked Trout');
INSERT INTO ingredients (dish_code,ingredient_name) VALUES ('yml9irk0a5','Soy Beans');
INSERT INTO ingredients (dish_code,ingredient_name) VALUES ('z5vbirbe8w','Coriander Leaves');
INSERT INTO ingredients (dish_code,ingredient_name) VALUES ('z5vbirbe8w','Curry Powder');
INSERT INTO ingredients (dish_code,ingredient_name) VALUES ('z5vbirbe8w','Soy Beans');
INSERT INTO ingredients (dish_code,ingredient_name) VALUES ('z5vbirbe8w','Canola Oil');
INSERT INTO ingredients (dish_code,ingredient_name) VALUES ('z5vbirbe8w','Pecan Nut');
INSERT INTO ingredients (dish_code,ingredient_name) VALUES ('z5vbirbe8w','Tarragon');
INSERT INTO ingredients (dish_code,ingredient_name) VALUES ('s74qxnkmv3','Flaxseed Oil');
INSERT INTO ingredients (dish_code,ingredient_name) VALUES ('s74qxnkmv3','Soymilk');
INSERT INTO ingredients (dish_code,ingredient_name) VALUES ('s74qxnkmv3','Apples');
INSERT INTO ingredients (dish_code,ingredient_name) VALUES ('s74qxnkmv3','Rye Bread');
INSERT INTO ingredients (dish_code,ingredient_name) VALUES ('s74qxnkmv3','William Pear');
INSERT INTO ingredients (dish_code,ingredient_name) VALUES ('s74qxnkmv3','Baking Powder');
INSERT INTO ingredients (dish_code,ingredient_name) VALUES ('s74qxnkmv3','Peas');
INSERT INTO ingredients (dish_code,ingredient_name) VALUES ('s74qxnkmv3','Extra Virgin Olive Oil');
INSERT INTO ingredients (dish_code,ingredient_name) VALUES ('uj7ebs468z','Tarragon');
INSERT INTO ingredients (dish_code,ingredient_name) VALUES ('uj7ebs468z','Kombu');
INSERT INTO ingredients (dish_code,ingredient_name) VALUES ('uj7ebs468z','Ham');
INSERT INTO ingredients (dish_code,ingredient_name) VALUES ('uj7ebs468z','Kidneys');
INSERT INTO ingredients (dish_code,ingredient_name) VALUES ('uj7ebs468z','Tinned');
INSERT INTO ingredients (dish_code,ingredient_name) VALUES ('hso8v23cou','Peas');
INSERT INTO ingredients (dish_code,ingredient_name) VALUES ('hso8v23cou','Redfish');
INSERT INTO ingredients (dish_code,ingredient_name) VALUES ('hso8v23cou','Taleggio Cheese');
INSERT INTO ingredients (dish_code,ingredient_name) VALUES ('hso8v23cou','Nutritional Yeast');
INSERT INTO ingredients (dish_code,ingredient_name) VALUES ('hso8v23cou','Flat Mushrooms');
INSERT INTO ingredients (dish_code,ingredient_name) VALUES ('ol6mt51h3l','Rye Bread');
INSERT INTO ingredients (dish_code,ingredient_name) VALUES ('ol6mt51h3l','Sunflower Oil');
INSERT INTO ingredients (dish_code,ingredient_name) VALUES ('ol6mt51h3l','Fingerlime');
INSERT INTO ingredients (dish_code,ingredient_name) VALUES ('ol6mt51h3l','Flaxseed Oil');
INSERT INTO ingredients (dish_code,ingredient_name) VALUES ('ol6mt51h3l','Tamarillo');
INSERT INTO ingredients (dish_code,ingredient_name) VALUES ('rwv9m4wqnz','Cardamom');
INSERT INTO ingredients (dish_code,ingredient_name) VALUES ('rwv9m4wqnz','Strawberries');
INSERT INTO ingredients (dish_code,ingredient_name) VALUES ('rwv9m4wqnz','Black Eyed Beans');
INSERT INTO ingredients (dish_code,ingredient_name) VALUES ('rwv9m4wqnz','Hokkien Noodles');
INSERT INTO ingredients (dish_code,ingredient_name) VALUES ('rwv9m4wqnz','Achacha');
INSERT INTO ingredients (dish_code,ingredient_name) VALUES ('rwv9m4wqnz','Warehou');
INSERT INTO ingredients (dish_code,ingredient_name) VALUES ('rwv9m4wqnz','William Pear');
INSERT INTO ingredients (dish_code,ingredient_name) VALUES ('x4za4fxoep','Strawberries');
INSERT INTO ingredients (dish_code,ingredient_name) VALUES ('x4za4fxoep','Tarragon');
INSERT INTO ingredients (dish_code,ingredient_name) VALUES ('x4za4fxoep','Mahlab');
INSERT INTO ingredients (dish_code,ingredient_name) VALUES ('x4za4fxoep','Baking Powder');
INSERT INTO ingredients (dish_code,ingredient_name) VALUES ('x4za4fxoep','Soymilk');
INSERT INTO ingredients (dish_code,ingredient_name) VALUES ('x4za4fxoep','Tamarillo');
INSERT INTO ingredients (dish_code,ingredient_name) VALUES ('x4za4fxoep','Kombu');
INSERT INTO ingredients (dish_code,ingredient_name) VALUES ('x4za4fxoep','Provolone');
INSERT INTO ingredients (dish_code,ingredient_name) VALUES ('n979pyy5zw','Freekeh');
INSERT INTO ingredients (dish_code,ingredient_name) VALUES ('n979pyy5zw','Nuts');
INSERT INTO ingredients (dish_code,ingredient_name) VALUES ('n979pyy5zw','Cottage Cheese');
INSERT INTO ingredients (dish_code,ingredient_name) VALUES ('n979pyy5zw','Bonza');
INSERT INTO ingredients (dish_code,ingredient_name) VALUES ('n979pyy5zw','Parsnip');
INSERT INTO ingredients (dish_code,ingredient_name) VALUES ('n979pyy5zw','Hokkien Noodles');
INSERT INTO ingredients (dish_code,ingredient_name) VALUES ('stgti5le9l','Pear Juice');
INSERT INTO ingredients (dish_code,ingredient_name) VALUES ('stgti5le9l','Corn Oil');
INSERT INTO ingredients (dish_code,ingredient_name) VALUES ('stgti5le9l','Baking Powder');
INSERT INTO ingredients (dish_code,ingredient_name) VALUES ('stgti5le9l','Pecan Nut');
INSERT INTO ingredients (dish_code,ingredient_name) VALUES ('stgti5le9l','Rye Bread');
INSERT INTO ingredients (dish_code,ingredient_name) VALUES ('stgti5le9l','Vegetable Stock');
INSERT INTO ingredients (dish_code,ingredient_name) VALUES ('stgti5le9l','Beef');
INSERT INTO ingredients (dish_code,ingredient_name) VALUES ('6jz27vm3b9','Pecan Nut');
INSERT INTO ingredients (dish_code,ingredient_name) VALUES ('6jz27vm3b9','Turnips');
INSERT INTO ingredients (dish_code,ingredient_name) VALUES ('6jz27vm3b9','Tapioca Flour');
INSERT INTO ingredients (dish_code,ingredient_name) VALUES ('6jz27vm3b9','Shark');
INSERT INTO ingredients (dish_code,ingredient_name) VALUES ('6jz27vm3b9','Strawberries');
INSERT INTO ingredients (dish_code,ingredient_name) VALUES ('6jz27vm3b9','Cream Cheese');
INSERT INTO ingredients (dish_code,ingredient_name) VALUES ('6jz27vm3b9','Dried Apricots');
INSERT INTO ingredients (dish_code,ingredient_name) VALUES ('6jz27vm3b9','Achacha');
INSERT INTO ingredients (dish_code,ingredient_name) VALUES ('23d3rxhks8','Kidneys');
INSERT INTO ingredients (dish_code,ingredient_name) VALUES ('23d3rxhks8','Parsnip');
INSERT INTO ingredients (dish_code,ingredient_name) VALUES ('23d3rxhks8','Shark');
INSERT INTO ingredients (dish_code,ingredient_name) VALUES ('23d3rxhks8','Corn Oil');
INSERT INTO ingredients (dish_code,ingredient_name) VALUES ('23d3rxhks8','Ham');
INSERT INTO ingredients (dish_code,ingredient_name) VALUES ('23d3rxhks8','Nutritional Yeast');
INSERT INTO ingredients (dish_code,ingredient_name) VALUES ('23d3rxhks8','Peas');
INSERT INTO ingredients (dish_code,ingredient_name) VALUES ('23d3rxhks8','Rose Water');
INSERT INTO ingredients (dish_code,ingredient_name) VALUES ('zw4xwxjmho','Green Tea Noodles');
INSERT INTO ingredients (dish_code,ingredient_name) VALUES ('zw4xwxjmho','Lychees');
INSERT INTO ingredients (dish_code,ingredient_name) VALUES ('zw4xwxjmho','Cardamom');
INSERT INTO ingredients (dish_code,ingredient_name) VALUES ('zw4xwxjmho','Silverbeet');
INSERT INTO ingredients (dish_code,ingredient_name) VALUES ('zw4xwxjmho','Cream Cheese');
INSERT INTO ingredients (dish_code,ingredient_name) VALUES ('zw4xwxjmho','Provolone');
INSERT INTO ingredients (dish_code,ingredient_name) VALUES ('zw4xwxjmho','Tamarillo');
INSERT INTO ingredients (dish_code,ingredient_name) VALUES ('zw4xwxjmho','Chia Seeds');
INSERT INTO ingredients (dish_code,ingredient_name) VALUES ('y7pgn6hv12','Loquats');
INSERT INTO ingredients (dish_code,ingredient_name) VALUES ('y7pgn6hv12','Tarragon');
INSERT INTO ingredients (dish_code,ingredient_name) VALUES ('y7pgn6hv12','Provolone');
INSERT INTO ingredients (dish_code,ingredient_name) VALUES ('y7pgn6hv12','Pork');
INSERT INTO ingredients (dish_code,ingredient_name) VALUES ('y7pgn6hv12','Apple Cider Vinegar');
INSERT INTO ingredients (dish_code,ingredient_name) VALUES ('531bg8pdqm','Nuts');
INSERT INTO ingredients (dish_code,ingredient_name) VALUES ('531bg8pdqm','Flat Mushrooms');
INSERT INTO ingredients (dish_code,ingredient_name) VALUES ('531bg8pdqm','Spinach');
INSERT INTO ingredients (dish_code,ingredient_name) VALUES ('531bg8pdqm','Soymilk');
INSERT INTO ingredients (dish_code,ingredient_name) VALUES ('531bg8pdqm','Peas');
INSERT INTO ingredients (dish_code,ingredient_name) VALUES ('nf2o2039ko','Beef');
INSERT INTO ingredients (dish_code,ingredient_name) VALUES ('nf2o2039ko','Turnips');
INSERT INTO ingredients (dish_code,ingredient_name) VALUES ('nf2o2039ko','Bonza');
INSERT INTO ingredients (dish_code,ingredient_name) VALUES ('nf2o2039ko','Elderberry');
INSERT INTO ingredients (dish_code,ingredient_name) VALUES ('nf2o2039ko','Tamarillo');
INSERT INTO ingredients (dish_code,ingredient_name) VALUES ('gk6ka6s7da','Vegetable Oil');
INSERT INTO ingredients (dish_code,ingredient_name) VALUES ('gk6ka6s7da','Redfish');
INSERT INTO ingredients (dish_code,ingredient_name) VALUES ('gk6ka6s7da','Berries');
INSERT INTO ingredients (dish_code,ingredient_name) VALUES ('gk6ka6s7da','Cinnamon');
INSERT INTO ingredients (dish_code,ingredient_name) VALUES ('gk6ka6s7da','Rose Water');
INSERT INTO ingredients (dish_code,ingredient_name) VALUES ('gk6ka6s7da','Camomile');
INSERT INTO ingredients (dish_code,ingredient_name) VALUES ('mczr5mckm1','Achacha');
INSERT INTO ingredients (dish_code,ingredient_name) VALUES ('mczr5mckm1','Dried Apricots');
INSERT INTO ingredients (dish_code,ingredient_name) VALUES ('mczr5mckm1','Omega Spread');
INSERT INTO ingredients (dish_code,ingredient_name) VALUES ('mczr5mckm1','Pork');
INSERT INTO ingredients (dish_code,ingredient_name) VALUES ('mczr5mckm1','Bonza');
INSERT INTO ingredients (dish_code,ingredient_name) VALUES ('mczr5mckm1','Corn Oil');
INSERT INTO ingredients (dish_code,ingredient_name) VALUES ('mczr5mckm1','Cottage Cheese');
INSERT INTO ingredients (dish_code,ingredient_name) VALUES ('mczr5mckm1','Tinned');
INSERT INTO ingredients (dish_code,ingredient_name) VALUES ('npczt5stjn','Nuts');
INSERT INTO ingredients (dish_code,ingredient_name) VALUES ('npczt5stjn','Camomile');
INSERT INTO ingredients (dish_code,ingredient_name) VALUES ('npczt5stjn','Achacha');
INSERT INTO ingredients (dish_code,ingredient_name) VALUES ('npczt5stjn','Pecan Nut');
INSERT INTO ingredients (dish_code,ingredient_name) VALUES ('npczt5stjn','Tarragon');
INSERT INTO ingredients (dish_code,ingredient_name) VALUES ('npczt5stjn','Sunflower Seeds');
INSERT INTO ingredients (dish_code,ingredient_name) VALUES ('npczt5stjn','Vegetable Oil');
INSERT INTO ingredients (dish_code,ingredient_name) VALUES ('npczt5stjn','Plums');
INSERT INTO ingredients (dish_code,ingredient_name) VALUES ('oey6l9pp36','Bean Sprouts');
INSERT INTO ingredients (dish_code,ingredient_name) VALUES ('oey6l9pp36','Cream Cheese');
INSERT INTO ingredients (dish_code,ingredient_name) VALUES ('oey6l9pp36','Pear Juice');
INSERT INTO ingredients (dish_code,ingredient_name) VALUES ('oey6l9pp36','Baking Powder');
INSERT INTO ingredients (dish_code,ingredient_name) VALUES ('oey6l9pp36','William Pear');
INSERT INTO ingredients (dish_code,ingredient_name) VALUES ('q8olf6up4z','Butter');
INSERT INTO ingredients (dish_code,ingredient_name) VALUES ('q8olf6up4z','Corn Oil');
INSERT INTO ingredients (dish_code,ingredient_name) VALUES ('q8olf6up4z','Taleggio Cheese');
INSERT INTO ingredients (dish_code,ingredient_name) VALUES ('q8olf6up4z','Achacha');
INSERT INTO ingredients (dish_code,ingredient_name) VALUES ('q8olf6up4z','Vegetable Stock');
INSERT INTO ingredients (dish_code,ingredient_name) VALUES ('06dztnjsow','Chia Seeds');
INSERT INTO ingredients (dish_code,ingredient_name) VALUES ('06dztnjsow','Achacha');
INSERT INTO ingredients (dish_code,ingredient_name) VALUES ('06dztnjsow','Elderberry');
INSERT INTO ingredients (dish_code,ingredient_name) VALUES ('06dztnjsow','Cream Cheese');
INSERT INTO ingredients (dish_code,ingredient_name) VALUES ('06dztnjsow','Loquats');
INSERT INTO ingredients (dish_code,ingredient_name) VALUES ('06dztnjsow','Dried Apricots');
INSERT INTO ingredients (dish_code,ingredient_name) VALUES ('ih5le14t4m','Rockmelon');
INSERT INTO ingredients (dish_code,ingredient_name) VALUES ('ih5le14t4m','Achacha');
INSERT INTO ingredients (dish_code,ingredient_name) VALUES ('ih5le14t4m','Black Eyed Beans');
INSERT INTO ingredients (dish_code,ingredient_name) VALUES ('ih5le14t4m','Tapioca Flour');
INSERT INTO ingredients (dish_code,ingredient_name) VALUES ('ih5le14t4m','Baking Powder');
INSERT INTO ingredients (dish_code,ingredient_name) VALUES ('on73m0h33t','Tapioca Flour');
INSERT INTO ingredients (dish_code,ingredient_name) VALUES ('on73m0h33t','Chia Seeds');
INSERT INTO ingredients (dish_code,ingredient_name) VALUES ('on73m0h33t','Extra Virgin Olive Oil');
INSERT INTO ingredients (dish_code,ingredient_name) VALUES ('on73m0h33t','Provolone');
INSERT INTO ingredients (dish_code,ingredient_name) VALUES ('on73m0h33t','Cornmeal');
INSERT INTO ingredients (dish_code,ingredient_name) VALUES ('on73m0h33t','Iceberg Lettuce');
INSERT INTO ingredients (dish_code,ingredient_name) VALUES ('c7a3g42rvt','Black Eyed Beans');
INSERT INTO ingredients (dish_code,ingredient_name) VALUES ('c7a3g42rvt','Shark');
INSERT INTO ingredients (dish_code,ingredient_name) VALUES ('c7a3g42rvt','Achacha');
INSERT INTO ingredients (dish_code,ingredient_name) VALUES ('c7a3g42rvt','White Wine');
INSERT INTO ingredients (dish_code,ingredient_name) VALUES ('c7a3g42rvt','Beef');
INSERT INTO ingredients (dish_code,ingredient_name) VALUES ('c7a3g42rvt','Bean Sprouts');
INSERT INTO ingredients (dish_code,ingredient_name) VALUES ('c7a3g42rvt','Bonza');
INSERT INTO ingredients (dish_code,ingredient_name) VALUES ('c7a3g42rvt','Mahlab');
INSERT INTO ingredients (dish_code,ingredient_name) VALUES ('1blep55qd5','Flaxseed Oil');
INSERT INTO ingredients (dish_code,ingredient_name) VALUES ('1blep55qd5','Bacon');
INSERT INTO ingredients (dish_code,ingredient_name) VALUES ('1blep55qd5','Cottage Cheese');
INSERT INTO ingredients (dish_code,ingredient_name) VALUES ('1blep55qd5','Tamarillo');
INSERT INTO ingredients (dish_code,ingredient_name) VALUES ('1blep55qd5','Turnips');
INSERT INTO ingredients (dish_code,ingredient_name) VALUES ('1blep55qd5','Tahini');
INSERT INTO ingredients (dish_code,ingredient_name) VALUES ('1blep55qd5','Silverbeet');
INSERT INTO ingredients (dish_code,ingredient_name) VALUES ('1blep55qd5','Rockmelon');
INSERT INTO ingredients (dish_code,ingredient_name) VALUES ('y0l1zlmmbb','Vegetable Stock');
INSERT INTO ingredients (dish_code,ingredient_name) VALUES ('y0l1zlmmbb','Corn Oil');
INSERT INTO ingredients (dish_code,ingredient_name) VALUES ('y0l1zlmmbb','Tahini');
INSERT INTO ingredients (dish_code,ingredient_name) VALUES ('y0l1zlmmbb','Parsnip');
INSERT INTO ingredients (dish_code,ingredient_name) VALUES ('y0l1zlmmbb','Pear Juice');
INSERT INTO ingredients (dish_code,ingredient_name) VALUES ('y0l1zlmmbb','Black Eyed Beans');
INSERT INTO ingredients (dish_code,ingredient_name) VALUES ('y0l1zlmmbb','Canola Oil');
INSERT INTO ingredients (dish_code,ingredient_name) VALUES ('y0l1zlmmbb','Sunflower Oil');
INSERT INTO ingredients (dish_code,ingredient_name) VALUES ('k9qctq33jo','Rose Water');
INSERT INTO ingredients (dish_code,ingredient_name) VALUES ('k9qctq33jo','Black Eyed Beans');
INSERT INTO ingredients (dish_code,ingredient_name) VALUES ('k9qctq33jo','Jasmine Rice');
INSERT INTO ingredients (dish_code,ingredient_name) VALUES ('k9qctq33jo','Rockmelon');
INSERT INTO ingredients (dish_code,ingredient_name) VALUES ('k9qctq33jo','Freekeh');
INSERT INTO ingredients (dish_code,ingredient_name) VALUES ('k9qctq33jo','Red Cabbage');
INSERT INTO ingredients (dish_code,ingredient_name) VALUES ('9912fhakjz','Elderberry');
INSERT INTO ingredients (dish_code,ingredient_name) VALUES ('9912fhakjz','Flat Mushrooms');
INSERT INTO ingredients (dish_code,ingredient_name) VALUES ('9912fhakjz','Pork');
INSERT INTO ingredients (dish_code,ingredient_name) VALUES ('9912fhakjz','Nutritional Yeast');
INSERT INTO ingredients (dish_code,ingredient_name) VALUES ('9912fhakjz','Beef');
INSERT INTO ingredients (dish_code,ingredient_name) VALUES ('9912fhakjz','Smoked Trout');
INSERT INTO ingredients (dish_code,ingredient_name) VALUES ('9912fhakjz','Vegetable Stock');
INSERT INTO ingredients (dish_code,ingredient_name) VALUES ('9912fhakjz','Pecan Nut');
INSERT INTO ingredients (dish_code,ingredient_name) VALUES ('7tye3efo1x','Apples');
INSERT INTO ingredients (dish_code,ingredient_name) VALUES ('7tye3efo1x','Cream Cheese');
INSERT INTO ingredients (dish_code,ingredient_name) VALUES ('7tye3efo1x','Corn Oil');
INSERT INTO ingredients (dish_code,ingredient_name) VALUES ('7tye3efo1x','Oatmeal');
INSERT INTO ingredients (dish_code,ingredient_name) VALUES ('7tye3efo1x','Cacao');
INSERT INTO ingredients (dish_code,ingredient_name) VALUES ('7tye3efo1x','Smoked Trout');
INSERT INTO ingredients (dish_code,ingredient_name) VALUES ('7tye3efo1x','Soy Beans');
INSERT INTO ingredients (dish_code,ingredient_name) VALUES ('7tye3efo1x','Butter');
INSERT INTO ingredients (dish_code,ingredient_name) VALUES ('azi3c2yxau','Butter');
INSERT INTO ingredients (dish_code,ingredient_name) VALUES ('azi3c2yxau','Pork');
INSERT INTO ingredients (dish_code,ingredient_name) VALUES ('azi3c2yxau','Warehou');
INSERT INTO ingredients (dish_code,ingredient_name) VALUES ('azi3c2yxau','Parsnip');
INSERT INTO ingredients (dish_code,ingredient_name) VALUES ('azi3c2yxau','Tahini');
INSERT INTO ingredients (dish_code,ingredient_name) VALUES ('azi3c2yxau','Tarragon');
INSERT INTO ingredients (dish_code,ingredient_name) VALUES ('azi3c2yxau','Green Tea Noodles');
INSERT INTO ingredients (dish_code,ingredient_name) VALUES ('4p1ppwfrhc','Strawberries');
INSERT INTO ingredients (dish_code,ingredient_name) VALUES ('4p1ppwfrhc','Parsnip');
INSERT INTO ingredients (dish_code,ingredient_name) VALUES ('4p1ppwfrhc','Spinach');
INSERT INTO ingredients (dish_code,ingredient_name) VALUES ('4p1ppwfrhc','Redfish');
INSERT INTO ingredients (dish_code,ingredient_name) VALUES ('4p1ppwfrhc','Freekeh');
INSERT INTO ingredients (dish_code,ingredient_name) VALUES ('cm5xzlokzb','Beef');
INSERT INTO ingredients (dish_code,ingredient_name) VALUES ('cm5xzlokzb','Black Eyed Beans');
INSERT INTO ingredients (dish_code,ingredient_name) VALUES ('cm5xzlokzb','Berries');
INSERT INTO ingredients (dish_code,ingredient_name) VALUES ('cm5xzlokzb','Baking Powder');
INSERT INTO ingredients (dish_code,ingredient_name) VALUES ('cm5xzlokzb','Tahini');
INSERT INTO ingredients (dish_code,ingredient_name) VALUES ('cm5xzlokzb','Feta');
INSERT INTO ingredients (dish_code,ingredient_name) VALUES ('eadqntic71','Oatmeal');
INSERT INTO ingredients (dish_code,ingredient_name) VALUES ('eadqntic71','Provolone');
INSERT INTO ingredients (dish_code,ingredient_name) VALUES ('eadqntic71','Bean Sprouts');
INSERT INTO ingredients (dish_code,ingredient_name) VALUES ('eadqntic71','Soy Beans');
INSERT INTO ingredients (dish_code,ingredient_name) VALUES ('eadqntic71','Silverbeet');
INSERT INTO ingredients (dish_code,ingredient_name) VALUES ('eadqntic71','Extra Virgin Olive Oil');
INSERT INTO ingredients (dish_code,ingredient_name) VALUES ('d6y2qnp0x1','Camomile');
INSERT INTO ingredients (dish_code,ingredient_name) VALUES ('d6y2qnp0x1','Strawberries');
INSERT INTO ingredients (dish_code,ingredient_name) VALUES ('d6y2qnp0x1','Mastic');
INSERT INTO ingredients (dish_code,ingredient_name) VALUES ('d6y2qnp0x1','Lychees');
INSERT INTO ingredients (dish_code,ingredient_name) VALUES ('d6y2qnp0x1','Flaxseed Oil');
INSERT INTO ingredients (dish_code,ingredient_name) VALUES ('b57o9wj49y','Elderberry');
INSERT INTO ingredients (dish_code,ingredient_name) VALUES ('b57o9wj49y','Kidneys');
INSERT INTO ingredients (dish_code,ingredient_name) VALUES ('b57o9wj49y','Vegetable Stock');
INSERT INTO ingredients (dish_code,ingredient_name) VALUES ('b57o9wj49y','Chives');
INSERT INTO ingredients (dish_code,ingredient_name) VALUES ('b57o9wj49y','Kombu');
INSERT INTO ingredients (dish_code,ingredient_name) VALUES ('b57o9wj49y','Saffron');
INSERT INTO ingredients (dish_code,ingredient_name) VALUES ('x6afj5jzkb','Berries');
INSERT INTO ingredients (dish_code,ingredient_name) VALUES ('x6afj5jzkb','Apricots');
INSERT INTO ingredients (dish_code,ingredient_name) VALUES ('x6afj5jzkb','Cardamom');
INSERT INTO ingredients (dish_code,ingredient_name) VALUES ('x6afj5jzkb','Freekeh');
INSERT INTO ingredients (dish_code,ingredient_name) VALUES ('x6afj5jzkb','Lychees');
INSERT INTO ingredients (dish_code,ingredient_name) VALUES ('0cef50f6bg','Rice Noodles');
INSERT INTO ingredients (dish_code,ingredient_name) VALUES ('0cef50f6bg','Achacha');
INSERT INTO ingredients (dish_code,ingredient_name) VALUES ('0cef50f6bg','Oatmeal');
INSERT INTO ingredients (dish_code,ingredient_name) VALUES ('0cef50f6bg','Parsnip');
INSERT INTO ingredients (dish_code,ingredient_name) VALUES ('0cef50f6bg','Baking Powder');
INSERT INTO ingredients (dish_code,ingredient_name) VALUES ('0cef50f6bg','Peas');
INSERT INTO ingredients (dish_code,ingredient_name) VALUES ('0cef50f6bg','Redfish');
INSERT INTO ingredients (dish_code,ingredient_name) VALUES ('ukcxl8vz6h','Cauliflower');
INSERT INTO ingredients (dish_code,ingredient_name) VALUES ('ukcxl8vz6h','Rose Water');
INSERT INTO ingredients (dish_code,ingredient_name) VALUES ('ukcxl8vz6h','Cornmeal');
INSERT INTO ingredients (dish_code,ingredient_name) VALUES ('ukcxl8vz6h','Soymilk');
INSERT INTO ingredients (dish_code,ingredient_name) VALUES ('ukcxl8vz6h','Rice Flour');
INSERT INTO ingredients (dish_code,ingredient_name) VALUES ('81zs984358','Black Eyed Beans');
INSERT INTO ingredients (dish_code,ingredient_name) VALUES ('81zs984358','Beef');
INSERT INTO ingredients (dish_code,ingredient_name) VALUES ('81zs984358','Taleggio Cheese');
INSERT INTO ingredients (dish_code,ingredient_name) VALUES ('81zs984358','Turnips');
INSERT INTO ingredients (dish_code,ingredient_name) VALUES ('81zs984358','Rice Noodles');
INSERT INTO ingredients (dish_code,ingredient_name) VALUES ('81zs984358','William Pear');
INSERT INTO ingredients (dish_code,ingredient_name) VALUES ('81zs984358','Nutritional Yeast');
INSERT INTO ingredients (dish_code,ingredient_name) VALUES ('81zs984358','Chia Seeds');
INSERT INTO ingredients (dish_code,ingredient_name) VALUES ('7ue4qbu7qa','Tinned');
INSERT INTO ingredients (dish_code,ingredient_name) VALUES ('7ue4qbu7qa','English Spinach');
INSERT INTO ingredients (dish_code,ingredient_name) VALUES ('7ue4qbu7qa','Elderberry');
INSERT INTO ingredients (dish_code,ingredient_name) VALUES ('7ue4qbu7qa','Coriander Leaves');
INSERT INTO ingredients (dish_code,ingredient_name) VALUES ('7ue4qbu7qa','Oatmeal');
INSERT INTO ingredients (dish_code,ingredient_name) VALUES ('2zgeg39dtt','Rye Bread');
INSERT INTO ingredients (dish_code,ingredient_name) VALUES ('2zgeg39dtt','Cottage Cheese');
INSERT INTO ingredients (dish_code,ingredient_name) VALUES ('2zgeg39dtt','Shark');
INSERT INTO ingredients (dish_code,ingredient_name) VALUES ('2zgeg39dtt','Berries');
INSERT INTO ingredients (dish_code,ingredient_name) VALUES ('2zgeg39dtt','Pork');
INSERT INTO ingredients (dish_code,ingredient_name) VALUES ('2zgeg39dtt','Redfish');
INSERT INTO ingredients (dish_code,ingredient_name) VALUES ('2zgeg39dtt','Nuts');
INSERT INTO ingredients (dish_code,ingredient_name) VALUES ('2zgeg39dtt','Rockmelon');
INSERT INTO ingredients (dish_code,ingredient_name) VALUES ('rkvyfkgvfm','Achacha');
INSERT INTO ingredients (dish_code,ingredient_name) VALUES ('rkvyfkgvfm','Sunflower Oil');
INSERT INTO ingredients (dish_code,ingredient_name) VALUES ('rkvyfkgvfm','Mahlab');
INSERT INTO ingredients (dish_code,ingredient_name) VALUES ('rkvyfkgvfm','Cottage Cheese');
INSERT INTO ingredients (dish_code,ingredient_name) VALUES ('rkvyfkgvfm','Salmon');
INSERT INTO ingredients (dish_code,ingredient_name) VALUES ('elegf844hg','Vegetable Oil');
INSERT INTO ingredients (dish_code,ingredient_name) VALUES ('elegf844hg','Rose Water');
INSERT INTO ingredients (dish_code,ingredient_name) VALUES ('elegf844hg','Soy Beans');
INSERT INTO ingredients (dish_code,ingredient_name) VALUES ('elegf844hg','Tapioca Flour');
INSERT INTO ingredients (dish_code,ingredient_name) VALUES ('elegf844hg','Saffron');
INSERT INTO ingredients (dish_code,ingredient_name) VALUES ('elegf844hg','Camomile');
INSERT INTO ingredients (dish_code,ingredient_name) VALUES ('elegf844hg','Loquats');
INSERT INTO ingredients (dish_code,ingredient_name) VALUES ('elegf844hg','Smoked Trout');
INSERT INTO ingredients (dish_code,ingredient_name) VALUES ('5rsc4dbb2r','Rice Noodles');
INSERT INTO ingredients (dish_code,ingredient_name) VALUES ('5rsc4dbb2r','Tarragon');
INSERT INTO ingredients (dish_code,ingredient_name) VALUES ('5rsc4dbb2r','Canola Oil');
INSERT INTO ingredients (dish_code,ingredient_name) VALUES ('5rsc4dbb2r','Fingerlime');
INSERT INTO ingredients (dish_code,ingredient_name) VALUES ('5rsc4dbb2r','Tahini');
INSERT INTO ingredients (dish_code,ingredient_name) VALUES ('2t8xe2q9ah','Cauliflower');
INSERT INTO ingredients (dish_code,ingredient_name) VALUES ('2t8xe2q9ah','Chives');
INSERT INTO ingredients (dish_code,ingredient_name) VALUES ('2t8xe2q9ah','Corn Oil');
INSERT INTO ingredients (dish_code,ingredient_name) VALUES ('2t8xe2q9ah','Soymilk');
INSERT INTO ingredients (dish_code,ingredient_name) VALUES ('2t8xe2q9ah','Pecan Nut');
INSERT INTO ingredients (dish_code,ingredient_name) VALUES ('2t8xe2q9ah','Vegetable Oil');
INSERT INTO ingredients (dish_code,ingredient_name) VALUES ('ghmf4u3ax3','Dried Apricots');
INSERT INTO ingredients (dish_code,ingredient_name) VALUES ('ghmf4u3ax3','Rye Bread');
INSERT INTO ingredients (dish_code,ingredient_name) VALUES ('ghmf4u3ax3','Sunflower Seeds');
INSERT INTO ingredients (dish_code,ingredient_name) VALUES ('ghmf4u3ax3','Tapioca Flour');
INSERT INTO ingredients (dish_code,ingredient_name) VALUES ('ghmf4u3ax3','Hokkien Noodles');
INSERT INTO ingredients (dish_code,ingredient_name) VALUES ('ghmf4u3ax3','Tahini');
INSERT INTO ingredients (dish_code,ingredient_name) VALUES ('ghmf4u3ax3','Rockmelon');
INSERT INTO ingredients (dish_code,ingredient_name) VALUES ('ghmf4u3ax3','Kombu');
INSERT INTO ingredients (dish_code,ingredient_name) VALUES ('6w6vhwtdoj','Rye Bread');
INSERT INTO ingredients (dish_code,ingredient_name) VALUES ('6w6vhwtdoj','Tinned');
INSERT INTO ingredients (dish_code,ingredient_name) VALUES ('6w6vhwtdoj','Kombu');
INSERT INTO ingredients (dish_code,ingredient_name) VALUES ('6w6vhwtdoj','Pecan Nut');
INSERT INTO ingredients (dish_code,ingredient_name) VALUES ('6w6vhwtdoj','Rockmelon');
INSERT INTO ingredients (dish_code,ingredient_name) VALUES ('6w6vhwtdoj','Apricots');
